feedback_id,student_id,week,submission_date,overall_satisfaction,academic_support,outside_class_productivity,pace,instructor_engagement,instructor_clarity,instructor_knowledge,homework_feedback,outside_class_time_spent,class_comments,instructional_support_comments
1,29,1,08-22-2021,5,3,5,5,5,5,5,0,1,,
1,30,1,08-22-2021,5,3,5,4,5,5,5,0,1,,
1,31,1,08-23-2021,4,2,5,5,5,5,5,0,1,,
1,32,1,08-23-2021,5,3,5,2,5,5,5,3,1,,
1,33,1,08-23-2021,4,5,4,4,5,5,4,3,2,,
1,34,1,08-23-2021,4,3,4,4,4,4,4,3,1,,
1,35,1,08-23-2021,5,3,5,4,5,5,5,4,1,,
1,36,1,08-23-2021,5,5,5,5,5,5,5,5,3,,
1,37,1,08-23-2021,5,5,5,4,5,5,5,0,1,,
1,38,1,08-23-2021,4,2,5,3,3,3,4,4,1,,
1,39,1,08-24-2021,4,3,3,2,3,3,4,3,1,,
1,40,1,08-24-2021,4,4,4,4,4,5,5,5,2,Random,Random
1,41,1,08-24-2021,5,5,5,5,5,5,5,5,3,,
1,42,1,08-24-2021,5,3,5,5,5,5,5,0,1,,
1,43,1,08-24-2021,3,2,5,1,3,5,5,0,1,,
1,44,1,08-24-2021,4,3,5,5,4,5,5,4,1,,
1,45,1,08-24-2021,4,3,3,3,3,4,4,0,1,,
1,46,1,08-24-2021,5,4,4,4,5,5,5,4,2,,
1,47,1,08-24-2021,4,4,4,4,4,4,5,3,2,,
1,48,1,08-24-2021,4,3,5,5,4,5,5,0,1,,
1,49,1,08-24-2021,5,3,5,5,5,4,4,4,2,,
1,50,1,08-24-2021,4,4,4,4,5,5,5,4,2,,
1,51,1,08-24-2021,5,3,5,5,5,5,5,1,1,,
1,52,1,08-24-2021,3,3,3,3,3,3,3,3,5,,
1,45,2,08-29-2021,4,4,4,2,4,4,4,0,2,,
1,37,2,08-29-2021,5,5,5,4,5,5,5,0,2,,
1,31,2,08-29-2021,5,3,5,4,5,5,5,0,2,,
1,36,2,08-29-2021,5,3,5,4,5,5,5,3,3,,
1,35,2,08-30-2021,5,3,5,1,5,5,5,4,2,,
1,50,2,08-30-2021,4,4,4,4,4,4,5,4,3,,
1,29,2,08-30-2021,5,3,5,5,5,5,5,5,2,,
1,33,2,08-30-2021,4,4,5,2,5,5,5,0,2,,
1,30,2,08-30-2021,5,3,5,5,5,5,5,0,2,,
1,41,2,08-30-2021,5,5,5,3,5,5,5,5,4,,
1,43,2,08-30-2021,3,3,5,1,5,5,5,3,1,,
1,39,2,08-30-2021,5,5,5,4,4,4,5,0,2,,
1,44,2,08-31-2021,4,3,4,3,5,5,5,0,2,,
1,32,2,08-31-2021,5,4,5,5,5,5,5,5,4,,
1,49,2,08-31-2021,4,4,4,4,4,4,4,4,2,,
1,47,2,08-31-2021,5,5,5,4,5,5,5,5,2,,
1,51,2,08-31-2021,5,2,5,5,5,5,5,3,1,,
1,48,2,08-31-2021,5,3,5,4,5,5,5,0,2,,
1,34,2,08-31-2021,4,4,4,4,5,5,5,3,3,,
1,46,2,08-31-2021,5,5,5,5,5,5,5,5,1,,
1,42,2,08-31-2021,5,3,5,4,5,5,5,0,1,,
1,38,2,08-31-2021,5,3,4,4,5,5,5,5,2,,
1,40,2,08-31-2021,4,4,4,4,4,4,4,4,2,,
1,52,2,08-31-2021,5,3,3,3,3,3,3,2,4,,
1,32,3,09-05-2021,5,4,5,5,5,5,5,4,5,,
1,35,3,09-05-2021,4,4,4,5,5,4,5,5,5,,
1,30,3,09-05-2021,5,5,5,5,5,5,5,5,2,Random,
1,48,3,09-05-2021,5,4,4,3,5,5,5,0,2,Random,
1,40,3,09-05-2021,5,3,4,4,5,5,5,4,2,,Random
1,37,3,09-05-2021,4,4,4,3,4,4,5,0,3,,
1,42,3,09-06-2021,5,3,5,5,5,5,5,5,1,,
1,44,3,09-06-2021,4,3,4,3,5,5,5,4,2,,
1,33,3,09-06-2021,5,5,4,2,5,5,5,4,5,,
1,47,3,09-06-2021,5,4,4,5,5,5,5,5,3,,
1,41,3,09-06-2021,5,4,5,3,5,5,5,5,4,,
1,39,3,09-07-2021,4,4,4,2,3,3,3,5,1,,
1,43,3,09-07-2021,5,3,5,5,5,5,5,5,1,,
1,31,3,09-07-2021,5,3,5,4,5,5,5,4,2,,
1,50,3,09-07-2021,4,4,4,4,4,4,4,4,3,,
1,38,3,09-07-2021,4,4,4,3,4,5,5,4,2,,
1,29,3,09-07-2021,5,3,5,5,5,5,5,5,1,,
1,45,3,09-08-2021,4,4,3,3,4,4,4,3,2,,
1,36,3,09-08-2021,5,5,5,5,5,5,5,5,3,,
1,52,3,09-09-2021,4,3,3,3,3,5,5,4,3,,
1,46,3,09-09-2021,5,5,5,5,5,5,5,5,1,,
1,49,3,09-09-2021,5,5,5,5,5,5,5,5,2,,
1,34,3,09-09-2021,4,4,4,4,5,5,5,4,3,,
1,51,3,09-11-2021,5,3,5,4,5,5,5,3,3,,
1,48,4,09-12-2021,5,3,5,3,5,5,5,5,3,,
1,45,4,09-12-2021,5,3,3,4,5,5,5,3,3,,
1,40,4,09-12-2021,5,3,5,4,5,5,5,5,3,,
1,37,4,09-12-2021,5,5,5,4,5,5,5,5,3,,
1,51,4,09-12-2021,5,3,5,4,5,5,5,5,3,,
1,39,4,09-13-2021,5,4,5,3,4,5,5,5,3,,
1,41,4,09-13-2021,5,4,5,4,5,5,5,5,4,,
1,33,4,09-13-2021,5,3,5,2,5,5,5,2,3,,
1,52,4,09-13-2021,3,3,3,3,3,3,3,3,4,,
1,43,4,09-13-2021,5,3,5,5,5,5,5,5,1,,
1,44,4,09-13-2021,4,4,4,2,4,4,5,0,3,,
1,36,4,09-13-2021,5,5,5,5,5,5,5,5,3,,
1,30,4,09-13-2021,5,5,5,5,5,5,5,0,2,,
1,35,4,09-13-2021,5,3,5,5,5,5,5,5,4,,
1,47,4,09-13-2021,5,3,5,5,5,5,5,5,2,,
1,49,4,09-13-2021,4,4,4,4,4,4,4,4,3,,
1,50,4,09-13-2021,4,4,4,4,4,4,4,4,3,,
1,29,4,09-13-2021,5,3,5,5,5,5,5,5,2,,
1,42,4,09-13-2021,5,3,5,5,5,5,5,5,4,,
1,34,4,09-13-2021,4,4,4,4,5,5,5,0,3,,
1,32,4,09-14-2021,5,4,5,5,5,4,5,4,4,,
1,46,4,09-14-2021,5,5,4,5,4,5,5,4,1,,
1,38,4,09-14-2021,5,4,5,4,5,5,5,4,2,,
1,31,4,09-14-2021,5,3,5,4,5,5,5,4,2,,
1,41,5,09-19-2021,5,4,5,3,5,5,5,5,5,,
1,30,5,09-19-2021,5,5,5,5,5,5,5,5,3,,
1,32,5,09-19-2021,5,4,5,5,5,5,5,5,5,,
1,29,5,09-20-2021,5,3,5,5,5,5,5,5,2,,
1,33,5,09-20-2021,4,4,4,3,5,5,5,3,5,,
1,37,5,09-20-2021,5,5,5,4,5,5,5,5,4,,
1,45,5,09-20-2021,4,4,4,3,4,4,4,3,5,,
1,40,5,09-20-2021,5,5,5,4,5,5,5,5,2,,
1,52,5,09-20-2021,3,3,3,3,3,3,3,2,4,,
1,36,5,09-20-2021,5,5,5,5,5,5,5,5,3,,
1,50,5,09-20-2021,4,4,4,4,4,4,4,4,3,,
1,44,5,09-21-2021,4,3,5,2,5,4,5,0,3,,
1,43,5,09-21-2021,5,3,5,5,5,5,5,5,1,,
1,47,5,09-21-2021,5,3,5,4,5,5,5,5,2,random,random
1,34,5,09-21-2021,4,4,4,3,5,5,5,4,3,,
1,49,5,09-21-2021,5,5,5,5,5,5,5,5,3,,
1,38,5,09-21-2021,5,4,5,4,5,5,5,4,1,,
1,31,5,09-21-2021,5,3,5,4,5,5,5,5,2,,
1,35,5,09-21-2021,5,4,5,5,5,5,5,5,5,,
1,42,5,09-21-2021,5,3,5,5,5,5,5,5,2,,
1,46,5,09-21-2021,5,5,5,5,5,5,5,5,1,,
1,51,5,09-21-2021,5,3,5,3,5,5,5,5,1,,
1,48,5,09-21-2021,5,3,5,5,5,5,5,4,4,,
1,39,5,09-21-2021,5,5,3,2,3,3,5,2,2,,
1,52,6,09-26-2021,5,5,5,5,5,5,5,4,3,,
1,31,6,09-26-2021,5,2,5,4,5,5,5,5,2,,
1,32,6,09-26-2021,5,4,5,3,5,5,5,4,4,,
1,48,6,09-26-2021,5,3,5,5,5,5,5,5,3,,
1,34,6,09-27-2021,4,4,5,3,5,5,5,3,4,,
1,33,6,09-27-2021,5,5,5,2,5,5,5,2,5,,
1,44,6,09-27-2021,5,3,5,3,5,5,5,4,3,,
1,41,6,09-27-2021,5,4,5,5,5,5,5,5,5,,
1,37,6,09-27-2021,4,5,5,4,5,5,5,5,4,,
1,36,6,09-27-2021,5,5,5,5,5,5,5,4,4,,
1,43,6,09-27-2021,5,3,5,5,5,5,5,5,1,,
1,30,6,09-27-2021,5,5,5,5,5,5,5,5,4,,
1,42,6,09-27-2021,5,3,5,5,5,5,5,5,3,,
1,45,6,09-27-2021,4,4,5,4,5,5,5,3,4,,
1,51,6,09-27-2021,5,3,4,5,5,5,5,5,3,,
1,29,6,09-28-2021,5,3,5,5,5,5,5,5,2,,
1,40,6,09-28-2021,5,4,5,4,5,5,5,5,4,,
1,47,6,09-28-2021,4,4,4,4,5,5,5,5,3,,
1,49,6,09-28-2021,4,4,4,4,4,4,4,4,3,,
1,46,6,09-28-2021,5,5,5,5,5,5,5,4,1,,
1,39,6,09-28-2021,3,5,3,2,5,5,5,3,1,,
1,38,6,09-28-2021,4,4,5,4,5,5,5,5,2,,
1,50,6,09-28-2021,4,4,4,4,4,4,4,4,3,,
1,35,6,09-28-2021,5,5,5,5,5,5,5,4,5,,
1,31,7,10-03-2021,5,3,5,4,5,5,5,4,2,,
1,37,7,10-03-2021,5,4,5,4,5,5,5,5,5,,
1,40,7,10-04-2021,5,4,5,4,5,5,5,5,4,,
1,41,7,10-04-2021,5,4,5,4,5,5,5,5,5,,
1,38,7,10-04-2021,5,4,5,4,5,5,5,5,1,,
1,33,7,10-04-2021,5,4,5,3,5,5,5,3,5,,
1,43,7,10-04-2021,5,3,5,5,5,5,5,5,1,,
1,51,7,10-04-2021,5,4,5,3,5,5,5,5,3,,
1,44,7,10-04-2021,5,4,5,3,5,5,5,5,4,,
1,42,7,10-04-2021,5,3,5,5,5,5,5,5,2,,
1,48,7,10-04-2021,5,4,5,3,5,5,5,5,3,,
1,29,7,10-04-2021,5,3,5,5,5,5,5,5,3,,
1,34,7,10-04-2021,4,4,4,4,4,5,5,4,3,,
1,39,7,10-05-2021,5,5,3,3,5,5,5,4,1,,
1,30,7,10-05-2021,5,5,5,5,5,5,5,5,4,,
1,47,7,10-05-2021,4,3,4,4,4,5,5,4,3,,
1,49,7,10-05-2021,5,5,5,5,5,5,5,5,3,,
1,36,7,10-05-2021,5,5,5,5,5,5,5,5,4,,
1,52,7,10-05-2021,5,5,5,5,5,5,5,5,4,,
1,35,7,10-05-2021,5,5,5,5,5,5,5,5,5,,
1,46,7,10-05-2021,5,5,5,5,5,5,5,4,1,,
1,45,7,10-05-2021,5,5,5,5,5,5,5,5,4,,
1,32,7,10-05-2021,5,5,5,4,5,5,5,5,5,,
1,50,7,10-05-2021,4,4,4,4,4,4,4,4,3,,
1,48,8,10-10-2021,5,3,5,4,5,5,5,5,3,,
1,36,8,10-10-2021,5,5,5,5,5,5,5,5,4,,
1,38,8,10-10-2021,5,4,4,4,5,5,5,4,2,,
1,42,8,10-11-2021,5,3,5,5,5,5,5,5,2,,
1,31,8,10-11-2021,5,3,5,4,5,5,5,4,2,,
1,37,8,10-11-2021,5,4,5,4,5,5,5,5,4,,
1,41,8,10-11-2021,5,3,5,5,5,5,5,5,5,,
1,30,8,10-11-2021,5,5,5,5,5,5,5,5,4,,
1,49,8,10-11-2021,5,5,5,5,5,5,5,5,2,,
1,35,8,10-11-2021,5,5,5,5,5,5,5,5,5,,
1,51,8,10-11-2021,5,4,5,4,5,5,5,4,4,,
1,50,8,10-11-2021,4,4,4,4,4,4,4,4,3,,
1,43,8,10-11-2021,5,3,5,5,5,5,5,5,1,,
1,40,8,10-11-2021,5,4,5,4,5,5,5,5,3,,
1,29,8,10-11-2021,5,3,5,5,5,5,5,5,3,,
1,33,8,10-12-2021,5,5,5,3,5,5,5,0,5,,
1,32,8,10-12-2021,5,3,5,5,5,5,5,5,5,,
1,44,8,10-12-2021,5,4,5,3,5,5,5,4,4,,
1,34,8,10-12-2021,5,5,5,5,5,5,5,5,4,,
1,47,8,10-12-2021,4,4,4,4,4,5,5,5,5,,
1,39,8,10-12-2021,5,4,5,5,3,4,5,5,3,,
1,46,8,10-12-2021,5,5,5,5,5,5,4,4,1,,
1,45,8,10-12-2021,5,4,5,4,5,5,5,3,5,,
1,52,8,10-12-2021,4,4,4,4,4,4,4,4,4,,
1,43,9,10-17-2021,5,3,5,5,5,5,5,5,1,,
1,31,9,10-17-2021,5,3,5,5,5,5,5,4,3,,
1,32,9,10-18-2021,5,4,5,3,5,5,5,5,5,,
1,42,9,10-18-2021,5,3,5,5,5,5,5,5,3,,
1,37,9,10-18-2021,5,3,5,4,5,5,5,5,5,,
1,35,9,10-18-2021,5,5,5,5,5,5,5,5,5,,
1,36,9,10-18-2021,5,5,5,5,5,5,5,5,4,,
1,30,9,10-18-2021,5,5,5,5,5,5,5,5,2,,
1,41,9,10-19-2021,5,5,5,4,5,5,5,5,5,,
1,33,9,10-19-2021,5,4,5,3,5,5,5,4,5,,
1,40,9,10-19-2021,5,4,5,4,5,5,5,5,3,,
1,47,9,10-19-2021,4,3,3,5,5,5,5,4,4,,
1,48,9,10-19-2021,5,3,5,4,5,5,5,4,3,,
1,51,9,10-19-2021,5,3,5,5,5,5,5,5,5,,
1,39,9,10-19-2021,5,3,5,5,5,5,5,5,4,,
1,44,9,10-19-2021,5,4,5,3,5,5,5,5,3,,
1,34,9,10-19-2021,5,5,5,5,5,5,5,4,3,,
1,50,9,10-19-2021,5,5,5,5,5,5,5,5,3,,
1,49,9,10-19-2021,5,5,5,5,5,5,5,5,4,,
1,46,9,10-19-2021,5,5,5,5,5,5,5,4,2,,
1,45,9,10-19-2021,5,5,5,5,5,5,5,5,5,,
1,29,9,10-19-2021,5,3,5,5,5,5,5,5,3,,
1,38,9,10-19-2021,5,4,5,4,5,5,5,5,2,,
1,52,9,10-19-2021,5,5,5,5,5,5,5,5,4,,
1,42,10,10-24-2021,5,3,5,5,5,5,5,5,1,,
1,31,10,10-24-2021,5,3,5,4,5,5,5,4,2,,
1,49,10,10-24-2021,5,5,5,5,5,5,5,5,3,,
1,37,10,10-24-2021,5,3,5,4,5,5,5,5,2,,
1,38,10,10-24-2021,5,4,5,4,5,5,5,4,1,,
1,48,10,10-25-2021,5,3,5,3,5,5,5,0,2,,
1,30,10,10-25-2021,5,5,5,5,5,5,5,5,1,,
1,35,10,10-25-2021,5,5,5,5,5,5,5,5,5,,
1,41,10,10-25-2021,5,5,5,4,5,5,5,5,4,,
1,34,10,10-25-2021,5,5,5,5,5,5,5,5,3,,
1,29,10,10-25-2021,5,3,5,5,5,5,5,5,2,,
1,40,10,10-25-2021,5,4,5,4,5,5,5,5,3,,
1,43,10,10-26-2021,5,3,5,5,5,5,5,5,1,,
1,39,10,10-26-2021,5,3,5,5,5,5,5,5,3,,
1,44,10,10-26-2021,5,4,5,3,5,5,5,0,3,,
1,32,10,10-26-2021,5,4,5,5,5,5,5,5,5,,
1,45,10,10-26-2021,5,5,5,5,5,5,5,5,5,,
1,33,10,10-26-2021,5,5,5,4,5,5,5,5,5,,
1,46,10,10-26-2021,5,5,4,5,5,4,5,5,2,,
1,47,10,10-26-2021,5,3,5,5,5,5,5,5,2,,
1,36,10,10-27-2021,5,5,5,5,5,5,5,4,3,,
1,50,10,10-27-2021,5,5,5,5,5,5,5,5,3,,
1,52,10,10-28-2021,5,5,5,5,5,5,5,5,3,,
1,51,10,10-28-2021,5,3,5,4,5,5,5,5,3,,
1,43,11,10-31-2021,5,3,5,5,5,5,5,5,1,,
1,31,11,11-01-2021,5,3,5,4,5,5,5,5,2,,
1,42,11,11-01-2021,5,3,5,5,5,5,5,5,2,,
1,40,11,11-01-2021,5,4,5,4,5,5,5,5,3,,
1,47,11,11-01-2021,4,4,5,4,5,5,5,5,2,,
1,35,11,11-01-2021,5,5,5,5,5,5,5,5,5,,
1,45,11,11-01-2021,5,5,5,5,5,5,5,5,5,,
1,48,11,11-01-2021,5,3,5,4,5,5,5,5,3,,
1,37,11,11-02-2021,5,3,5,4,5,5,5,5,4,,
1,34,11,11-02-2021,5,5,5,4,5,5,5,4,3,,
1,41,11,11-02-2021,5,4,5,3,5,5,5,5,3,,
1,44,11,11-02-2021,5,4,5,3,5,5,5,4,2,,
1,33,11,11-02-2021,5,4,5,3,5,5,5,5,5,,
1,30,11,11-02-2021,5,5,5,5,5,5,5,5,2,,
1,36,11,11-02-2021,5,5,5,5,5,5,5,5,3,,
1,52,11,11-02-2021,5,5,5,5,5,5,5,5,3,,
1,51,11,11-02-2021,5,3,5,4,5,5,5,5,2,,
1,49,11,11-02-2021,5,5,5,5,5,5,5,5,3,,
1,46,11,11-02-2021,5,5,4,5,5,4,5,5,1,,
1,38,11,11-02-2021,5,3,5,4,5,5,5,4,1,,
1,32,11,11-02-2021,5,4,5,5,5,5,5,5,4,,
1,50,11,11-02-2021,5,5,5,5,5,5,5,5,3,,
1,29,11,11-03-2021,5,3,5,5,5,5,5,5,2,,
1,39,11,11-04-2021,5,3,5,3,5,5,5,5,1,,
1,29,12,11-07-2021,5,3,5,5,5,5,5,5,2,,
1,50,12,11-07-2021,5,5,5,5,5,5,5,5,4,,
1,38,12,11-07-2021,4,3,5,5,4,5,5,4,1,,
1,43,12,11-07-2021,5,3,5,5,5,5,5,5,1,,
1,40,12,11-08-2021,5,3,5,4,5,5,5,5,2,,
1,32,12,11-08-2021,5,4,5,5,5,5,5,5,4,,
1,44,12,11-08-2021,5,4,5,3,5,5,5,4,3,,
1,42,12,11-08-2021,5,3,5,5,5,5,5,5,2,,
1,33,12,11-08-2021,4,5,5,3,5,5,5,2,5,,
1,31,12,11-08-2021,5,3,5,4,5,5,5,4,3,,
1,37,12,11-08-2021,5,4,5,5,5,5,5,5,4,,
1,30,12,11-08-2021,5,5,5,5,5,5,5,5,4,,
1,41,12,11-08-2021,5,4,5,3,5,5,5,5,5,,
1,34,12,11-08-2021,4,4,4,2,4,4,4,4,4,,
1,35,12,11-08-2021,5,5,5,5,5,5,5,5,5,,
1,52,12,11-09-2021,5,5,5,5,5,5,5,5,3,,
1,48,12,11-09-2021,4,4,5,2,5,5,5,4,4,,
1,45,12,11-09-2021,5,4,5,5,5,5,5,3,5,,
1,47,12,11-09-2021,5,3,5,5,5,5,5,5,3,,
1,36,12,11-09-2021,5,5,5,5,5,5,5,5,4,,
1,49,12,11-09-2021,5,5,5,5,5,5,5,5,5,,
1,51,12,11-09-2021,5,3,5,3,5,5,4,5,3,,
1,39,12,11-09-2021,5,5,3,4,5,5,5,5,2,,
1,38,13,11-14-2021,5,5,5,4,5,5,5,4,1,,
1,29,13,11-14-2021,5,3,5,5,5,5,5,5,3,,
1,31,13,11-15-2021,5,3,5,4,5,5,5,5,3,,
1,32,13,11-15-2021,5,4,5,5,5,5,5,5,4,,
1,33,13,11-15-2021,5,4,5,4,5,5,5,3,5,,
1,36,13,11-15-2021,5,5,5,5,5,5,5,5,3,,
1,42,13,11-15-2021,5,3,5,5,5,5,5,5,2,,
1,52,13,11-15-2021,5,3,5,4,5,4,5,4,4,,
1,37,13,11-15-2021,5,3,5,4,5,5,5,5,4,,
1,44,13,11-15-2021,5,4,5,3,5,5,5,5,3,,
1,41,13,11-15-2021,5,5,5,4,5,5,5,5,5,,
1,48,13,11-15-2021,4,4,5,2,5,5,5,4,3,,
1,43,13,11-15-2021,5,3,5,5,5,5,5,5,1,,
1,50,13,11-15-2021,5,5,5,5,5,5,5,5,3,,
1,30,13,11-16-2021,5,4,5,4,5,5,5,5,3,,
1,40,13,11-16-2021,5,4,5,5,5,5,5,5,4,,
1,39,13,11-16-2021,3,3,3,3,3,3,3,3,1,,
1,47,13,11-16-2021,4,3,5,5,5,5,5,5,1,,
1,35,13,11-16-2021,5,5,5,5,5,5,5,5,5,,
1,51,13,11-16-2021,5,4,5,5,5,5,5,5,4,,
1,49,13,11-16-2021,5,5,5,5,5,5,5,5,4,,
1,34,13,11-16-2021,4,4,4,3,5,4,5,4,3,,
1,45,13,11-16-2021,5,4,5,4,5,5,5,3,5,,
1,40,14,11-21-2021,5,5,5,5,5,5,5,5,3,,
1,31,14,11-21-2021,4,3,5,4,5,5,5,4,4,,
1,32,14,11-22-2021,5,4,5,5,5,5,5,5,4,,
1,42,14,11-22-2021,5,3,5,5,5,5,5,5,1,,
1,33,14,11-22-2021,5,4,5,5,5,5,5,3,5,,
1,34,14,11-22-2021,4,3,5,3,5,5,5,1,3,,
1,41,14,11-22-2021,5,5,5,4,5,5,5,5,4,,
1,37,14,11-22-2021,5,3,5,4,5,5,5,5,3,,
1,43,14,11-22-2021,5,3,5,5,5,5,5,5,1,,
1,50,14,11-22-2021,5,5,5,5,5,5,5,5,3,,
1,36,14,11-23-2021,5,5,5,5,5,5,5,5,4,,
1,35,14,11-23-2021,5,5,5,5,5,5,5,5,5,,
1,45,14,11-23-2021,5,4,5,3,5,5,5,4,5,,
1,44,14,11-23-2021,5,4,5,3,5,5,5,5,3,,
1,29,14,11-23-2021,5,3,5,5,5,5,5,5,3,,
1,52,14,11-23-2021,5,5,5,5,5,5,5,5,4,,
1,47,14,11-23-2021,4,3,5,5,5,5,5,4,3,,
1,30,14,11-23-2021,5,3,5,5,5,5,5,4,4,,
1,48,14,11-23-2021,5,3,5,4,4,5,5,4,3,,
1,49,14,11-23-2021,5,5,5,5,5,5,5,5,5,,
1,51,14,11-23-2021,5,4,5,5,5,5,5,5,3,,
1,39,14,11-23-2021,3,3,3,3,3,3,3,2,1,,
1,48,15,11-28-2021,5,4,5,2,5,5,5,4,3,,
1,42,15,11-28-2021,5,3,5,5,5,5,5,5,1,,
1,31,15,11-28-2021,4,3,5,4,5,5,5,4,2,,
1,37,15,11-28-2021,5,3,5,4,5,5,5,5,3,,
1,52,15,11-29-2021,5,3,5,5,5,5,5,5,4,,
1,33,15,11-29-2021,5,4,5,4,5,5,5,2,5,,
1,40,15,11-29-2021,5,4,5,3,5,5,5,5,4,,
1,41,15,11-29-2021,5,5,5,4,5,5,5,0,4,,
1,34,15,11-29-2021,4,3,4,3,5,5,5,3,3,,
1,43,15,11-29-2021,5,3,5,5,5,5,5,5,1,,
1,51,15,11-29-2021,5,4,5,3,5,5,5,5,3,,
1,29,15,11-29-2021,5,3,5,5,5,5,5,5,2,,
1,50,15,11-29-2021,5,5,5,5,5,5,5,5,4,,
1,44,15,11-30-2021,5,4,5,3,5,5,5,4,2,,
1,47,15,11-30-2021,5,3,5,4,5,5,5,5,3,,
1,49,15,11-30-2021,5,5,5,5,5,5,5,5,4,,
1,30,15,11-30-2021,5,3,5,5,5,5,5,5,4,,
1,36,15,11-30-2021,5,5,5,5,5,5,5,5,3,,
1,39,15,11-30-2021,3,4,3,3,4,4,4,3,1,,
1,35,15,11-30-2021,5,5,5,5,5,5,5,5,5,,
1,32,15,11-30-2021,5,5,5,5,5,5,5,5,5,,
1,45,15,11-30-2021,5,4,5,3,5,5,5,3,4,,
1,38,15,12-02-2021,5,4,5,5,5,5,5,5,1,,
1,32,16,12-05-2021,5,4,5,5,5,5,5,5,4,,
1,38,16,12-05-2021,5,4,5,4,5,5,5,5,1,,
1,31,16,12-05-2021,5,3,5,4,5,5,5,5,2,,
1,37,16,12-05-2021,5,4,5,4,5,5,5,5,3,,
1,40,16,12-05-2021,5,3,5,3,5,5,5,5,4,,
1,41,16,12-06-2021,5,5,5,3,5,5,5,5,5,,
1,33,16,12-06-2021,5,4,5,4,5,5,5,4,5,,
1,29,16,12-06-2021,5,3,5,5,5,5,5,5,1,,
1,42,16,12-06-2021,5,3,5,5,5,5,5,5,1,,
1,44,16,12-06-2021,5,4,5,3,5,5,5,5,3,,
1,34,16,12-06-2021,4,4,5,4,5,5,5,4,3,,
1,30,16,12-06-2021,5,3,5,5,5,5,5,5,1,,
1,47,16,12-07-2021,5,3,5,4,5,5,5,5,2,,
1,39,16,12-07-2021,3,3,3,3,3,3,3,3,1,,
1,52,16,12-07-2021,5,3,5,4,4,4,4,4,3,,
1,43,16,12-07-2021,5,3,5,5,5,5,5,5,1,,
1,48,16,12-07-2021,5,3,5,3,5,5,5,5,2,,
1,49,16,12-07-2021,5,5,5,5,5,5,5,5,5,,
1,50,16,12-07-2021,5,5,5,5,5,5,5,5,4,,
1,36,16,12-07-2021,5,5,5,5,5,5,5,5,5,,
1,45,16,12-07-2021,5,4,4,3,5,5,5,3,5,,
1,51,16,12-07-2021,5,3,5,3,5,5,5,3,4,,
1,35,16,12-07-2021,5,5,5,5,5,5,5,5,5,,
1,43,17,12-12-2021,5,3,5,5,5,5,5,5,1,,
1,36,17,12-12-2021,5,5,5,5,5,5,5,5,4,,
1,31,17,12-12-2021,5,3,5,4,5,5,5,4,4,,
1,37,17,12-12-2021,5,4,5,4,5,5,5,5,3,,
1,34,17,12-13-2021,4,4,5,3,5,5,5,4,4,,
1,33,17,12-13-2021,5,4,5,5,5,5,5,4,4,,
1,40,17,12-13-2021,5,3,5,4,5,5,5,5,3,,
1,32,17,12-13-2021,5,3,5,5,5,5,5,5,5,,
1,42,17,12-13-2021,5,3,5,5,5,5,5,5,2,,
1,41,17,12-13-2021,5,5,5,5,5,5,5,5,5,,
1,30,17,12-13-2021,3,5,5,3,5,5,5,0,2,,
1,47,17,12-13-2021,5,4,4,4,5,5,4,4,3,,
1,44,17,12-13-2021,5,4,5,3,5,5,5,5,2,,
1,51,17,12-13-2021,5,4,5,4,5,5,5,4,3,,
1,52,17,12-13-2021,5,3,5,5,5,5,5,5,4,,
1,35,17,12-13-2021,5,5,5,5,5,5,5,5,5,,
1,29,17,12-13-2021,5,3,5,5,5,5,5,5,2,,
1,48,17,12-13-2021,5,3,5,3,5,5,5,4,3,,
1,38,17,12-13-2021,5,4,5,4,5,5,5,4,1,,
1,49,17,12-14-2021,5,5,5,5,5,5,5,5,5,,
1,39,17,12-14-2021,3,3,3,3,3,3,3,3,1,,
1,45,17,12-14-2021,5,5,5,5,5,5,5,5,5,,
1,50,17,12-14-2021,5,5,5,5,5,5,5,5,4,,
1,29,18,12-19-2021,5,3,5,5,5,5,5,5,2,,
1,32,18,12-19-2021,5,4,5,5,5,5,5,5,5,,
1,31,18,12-19-2021,5,3,5,4,5,5,5,5,3,,
1,40,18,12-19-2021,5,3,4,4,5,5,5,5,3,,
1,43,18,12-20-2021,5,3,5,5,5,5,5,5,1,,
1,33,18,12-20-2021,5,4,5,4,5,5,5,5,5,,
1,37,18,12-20-2021,4,4,5,3,5,5,5,5,3,,
1,30,18,12-20-2021,4,4,5,4,5,5,5,5,2,,
1,41,18,12-20-2021,5,5,5,5,5,5,5,5,5,,
1,36,18,12-20-2021,5,5,5,5,5,5,5,4,4,,
1,50,18,12-20-2021,5,3,5,5,5,5,5,4,4,,
1,44,18,12-21-2021,5,4,5,3,5,5,5,4,2,,
1,45,18,12-21-2021,5,4,5,3,5,5,5,4,5,,
1,34,18,12-21-2021,4,3,5,4,5,5,5,4,4,,
1,35,18,12-21-2021,5,5,5,5,5,5,5,5,5,,
1,47,18,12-21-2021,5,2,4,4,5,5,5,4,2,,
1,42,18,12-21-2021,5,3,5,5,5,5,5,5,2,,
1,52,18,12-21-2021,5,3,5,5,5,4,4,4,3,,
1,39,18,12-21-2021,3,3,3,3,3,3,3,3,1,,
1,48,18,12-21-2021,5,4,4,3,5,5,5,5,3,,
1,49,18,12-21-2021,5,5,5,5,5,5,5,5,5,,
1,38,18,12-21-2021,5,5,5,4,5,5,5,5,1,,
1,51,18,12-21-2021,5,5,5,3,5,5,5,5,3,,
1,31,19,12-27-2021,5,3,5,4,5,5,5,4,2,,
1,32,19,12-27-2021,5,3,5,5,5,5,5,5,5,,
1,40,19,12-27-2021,5,4,5,3,5,5,5,5,2,,
1,29,19,12-27-2021,5,3,5,5,5,5,5,5,1,,
1,43,19,12-27-2021,5,3,5,5,5,5,5,5,1,,
1,30,19,12-27-2021,5,3,5,4,5,5,5,4,1,,
1,50,19,12-27-2021,5,4,5,5,5,5,5,5,4,,
1,41,19,12-27-2021,5,5,5,5,5,5,5,5,5,,
1,38,19,12-27-2021,5,4,5,4,5,5,5,5,1,,
1,33,19,12-28-2021,5,4,5,4,5,5,5,4,4,,
1,42,19,12-28-2021,5,3,5,5,5,5,5,5,2,,
1,35,19,12-28-2021,5,5,5,5,5,5,5,5,5,,
1,37,19,12-28-2021,5,4,5,4,5,5,5,5,3,,
1,48,19,12-29-2021,4,3,5,4,5,5,5,4,2,,
1,45,19,12-29-2021,5,5,5,4,5,5,5,3,5,,
1,47,19,12-29-2021,4,3,5,4,5,5,5,5,3,,
1,34,19,12-29-2021,4,3,5,3,5,5,5,3,2,,
1,51,19,12-29-2021,5,4,5,3,5,5,5,5,2,,
1,44,19,12-29-2021,5,4,5,3,5,5,5,5,2,,
1,36,19,12-29-2021,5,5,5,5,5,5,5,4,4,,
1,52,19,12-30-2021,5,3,5,5,4,4,4,4,4,,
1,49,19,12-30-2021,5,5,5,5,5,5,5,5,4,,
1,38,20,01-02-2022,5,4,5,4,5,5,5,5,1,,
1,40,20,01-02-2022,5,3,5,5,5,5,5,5,2,,
1,32,20,01-02-2022,5,3,5,5,5,5,5,5,4,,
1,33,20,01-02-2022,5,4,5,4,5,5,5,4,5,,
1,37,20,01-02-2022,5,4,5,4,5,5,5,5,3,,
1,44,20,01-03-2022,5,4,5,3,5,5,5,0,1,,
1,36,20,01-03-2022,5,5,5,5,5,5,5,5,3,,
1,43,20,01-03-2022,5,3,5,5,5,5,5,5,1,,
1,42,20,01-03-2022,5,3,5,5,5,5,5,5,2,,
1,51,20,01-03-2022,5,4,4,4,5,5,5,4,1,,
1,30,20,01-03-2022,5,3,5,4,5,5,5,5,1,,
1,35,20,01-03-2022,5,5,5,5,5,5,5,5,5,,
1,29,20,01-04-2022,5,3,5,5,5,5,5,5,2,,
1,34,20,01-04-2022,5,3,5,5,5,5,5,3,3,,
1,47,20,01-04-2022,5,2,5,5,5,5,5,5,2,,
1,41,20,01-04-2022,5,5,5,3,5,5,5,5,2,,
1,50,20,01-04-2022,5,4,5,5,5,5,5,5,3,,
1,48,20,01-04-2022,5,3,5,4,5,5,5,0,2,,
1,31,20,01-04-2022,5,3,5,4,5,5,5,5,1,,
1,45,20,01-04-2022,5,5,5,3,5,5,5,3,5,,
1,52,20,01-04-2022,5,3,5,5,5,5,5,4,4,,
1,39,20,01-08-2022,3,3,3,3,3,3,3,3,1,,
1,38,21,01-09-2022,5,4,5,4,5,5,5,4,1,,
1,36,21,01-09-2022,5,5,5,5,5,5,5,5,4,,
1,29,21,01-10-2022,5,3,5,5,5,5,5,5,1,,
1,33,21,01-10-2022,5,4,5,4,5,5,5,4,5,,
1,42,21,01-10-2022,5,3,5,5,5,5,5,5,3,,
1,32,21,01-10-2022,5,4,5,5,5,5,5,5,5,,
1,41,21,01-10-2022,5,5,5,4,5,5,5,5,5,,
1,43,21,01-10-2022,5,3,5,5,5,5,5,5,1,,
1,47,21,01-10-2022,5,3,5,5,5,5,5,5,3,,
1,40,21,01-10-2022,5,3,5,5,5,5,5,5,4,,
1,30,21,01-11-2022,5,3,5,4,5,5,5,5,4,,
1,44,21,01-11-2022,5,4,5,3,5,5,5,0,2,,
1,52,21,01-11-2022,5,3,5,5,5,5,5,5,2,,
1,31,21,01-11-2022,5,3,5,4,5,5,5,5,4,,
1,49,21,01-11-2022,5,5,5,5,5,5,5,5,3,,
1,51,21,01-11-2022,5,3,5,5,5,5,5,4,4,,
1,35,21,01-11-2022,5,5,5,5,5,5,5,5,5,,
1,37,21,01-11-2022,5,4,5,4,5,5,5,5,4,,
1,45,21,01-11-2022,5,4,5,5,5,5,5,3,5,,
1,48,21,01-11-2022,5,3,5,5,5,5,5,0,4,,
1,34,21,01-11-2022,5,3,5,3,5,5,5,3,3,,
1,50,21,01-11-2022,5,5,5,5,5,5,5,5,4,,
1,39,21,01-15-2022,3,3,3,3,3,3,3,3,1,,
1,47,22,01-16-2022,5,3,5,4,5,5,5,4,2,,
1,31,22,01-17-2022,5,3,5,4,5,5,5,4,4,,
1,43,22,01-17-2022,5,3,5,5,5,5,5,5,1,,
1,37,22,01-17-2022,5,4,5,4,5,5,5,5,4,,
1,33,22,01-17-2022,5,4,5,4,5,5,5,5,5,,
1,42,22,01-17-2022,5,3,5,5,5,5,5,5,3,,
1,29,22,01-17-2022,5,3,5,5,5,5,5,5,1,,
1,38,22,01-17-2022,5,3,5,4,5,5,5,5,1,,
1,30,22,01-17-2022,5,3,5,5,5,5,5,5,5,,
1,39,22,01-18-2022,3,3,3,3,3,3,3,3,1,,
1,41,22,01-18-2022,5,5,5,4,5,5,5,0,5,,
1,44,22,01-18-2022,5,4,5,4,5,5,5,5,3,,
1,32,22,01-18-2022,5,3,5,5,5,5,5,5,4,,
1,36,22,01-18-2022,5,5,5,5,5,5,5,5,4,,
1,34,22,01-18-2022,5,3,5,3,5,5,5,0,4,,
1,52,22,01-19-2022,5,3,5,5,5,5,5,5,3,,
1,48,22,01-19-2022,5,3,5,5,5,5,5,0,4,,
1,45,22,01-20-2022,5,4,5,5,5,5,4,3,5,,
1,40,22,01-20-2022,5,3,5,5,5,5,5,5,2,,
1,51,22,01-20-2022,5,3,5,5,5,5,5,5,3,,
1,49,22,01-20-2022,5,5,5,5,5,5,5,5,4,,
1,35,22,01-20-2022,5,5,5,5,5,5,5,5,3,,
1,50,22,01-20-2022,5,5,5,5,5,5,5,5,4,,
1,31,23,01-23-2022,5,3,5,4,5,5,5,4,2,,
1,38,23,01-24-2022,4,4,4,3,4,4,4,3,1,,
1,44,23,01-24-2022,5,4,5,3,5,5,5,0,2,,
1,42,23,01-24-2022,5,3,5,5,5,5,5,5,1,,
1,33,23,01-24-2022,5,4,5,4,5,5,5,5,5,,
1,37,23,01-24-2022,5,4,4,5,5,5,5,5,3,,
1,43,23,01-24-2022,5,3,5,5,5,5,5,4,1,,
1,41,23,01-24-2022,5,5,5,4,5,5,5,5,3,,
1,36,23,01-24-2022,5,5,5,5,5,5,5,4,3,,
1,52,23,01-24-2022,5,4,5,5,5,5,5,5,3,,
1,48,23,01-24-2022,5,3,5,5,5,5,5,5,1,,
1,32,23,01-25-2022,5,3,5,5,5,5,5,5,3,,
1,30,23,01-25-2022,5,3,5,4,5,5,5,0,1,,
1,34,23,01-25-2022,4,3,4,3,5,5,5,0,4,,
1,47,23,01-25-2022,5,3,5,5,5,5,5,5,1,,
1,35,23,01-25-2022,5,5,5,5,5,5,5,5,5,,
1,49,23,01-25-2022,5,5,5,5,5,5,5,5,3,,
1,40,23,01-25-2022,5,4,5,4,5,5,5,5,3,,
1,29,23,01-25-2022,5,3,5,5,5,5,5,5,1,,
1,39,23,01-25-2022,3,3,3,3,3,3,3,3,1,,
1,51,23,01-25-2022,5,3,5,4,5,5,5,3,2,,
1,50,23,01-25-2022,5,5,5,5,5,5,5,5,3,,
1,45,23,01-26-2022,5,4,5,4,5,5,5,3,5,,
1,29,24,01-30-2022,5,3,5,5,5,5,5,5,1,,
1,40,24,01-30-2022,5,3,5,5,5,5,5,5,3,,
1,37,24,01-30-2022,5,4,5,3,5,5,5,5,3,,
1,41,24,01-30-2022,5,5,5,5,5,5,5,5,5,,
1,31,24,01-31-2022,5,3,5,4,5,5,5,5,4,,
1,43,24,01-31-2022,5,3,5,5,5,5,5,5,1,,
1,36,24,01-31-2022,5,5,5,5,5,5,5,5,5,,
1,34,24,01-31-2022,4,3,5,3,5,5,5,5,4,,
1,35,24,01-31-2022,5,5,5,5,5,5,5,5,5,,
1,33,24,01-31-2022,5,4,5,4,5,5,5,5,5,,
1,42,24,01-31-2022,5,3,5,5,5,5,5,5,1,,
1,50,24,01-31-2022,5,5,5,5,5,5,5,5,4,,
1,30,24,01-31-2022,5,3,5,1,5,5,5,4,3,,
1,52,24,01-31-2022,5,4,5,5,5,5,5,5,4,,
1,44,24,02-01-2022,5,4,5,3,5,5,5,5,2,,
1,49,24,02-01-2022,5,5,5,5,5,5,5,5,3,,
1,48,24,02-01-2022,5,3,5,5,5,5,5,0,3,,
1,45,24,02-01-2022,5,5,5,3,5,5,5,3,5,,
1,32,24,02-01-2022,5,4,5,5,5,5,5,5,4,,
1,51,24,02-01-2022,5,5,5,5,5,5,5,5,3,,
1,38,24,02-01-2022,5,4,5,4,5,5,5,5,1,,
1,39,24,02-02-2022,3,3,3,3,3,3,3,3,1,,
1,47,24,02-04-2022,5,4,4,3,5,5,5,4,1,,
1,36,25,02-06-2022,5,5,5,5,5,5,5,5,5,,
1,32,25,02-07-2022,5,4,5,5,5,5,5,5,5,,
1,29,25,02-07-2022,5,3,5,5,5,5,5,5,1,,
1,33,25,02-07-2022,5,4,5,5,5,5,5,5,5,,
1,51,25,02-07-2022,5,4,5,5,5,5,5,4,3,,
1,41,25,02-07-2022,5,5,5,5,5,5,5,5,4,,
1,47,25,02-07-2022,4,3,5,4,5,5,5,3,2,,
1,34,25,02-07-2022,5,3,5,2,5,5,5,4,3,,
1,44,25,02-08-2022,5,4,5,3,5,5,5,5,2,,
1,31,25,02-08-2022,5,3,5,4,5,5,5,5,4,,
1,43,25,02-08-2022,5,3,5,5,5,5,5,5,1,,
1,40,25,02-08-2022,5,3,5,5,5,5,5,5,3,,
1,30,25,02-08-2022,5,4,5,3,5,5,5,5,1,,
1,48,25,02-08-2022,5,3,5,5,5,5,5,0,4,,
1,35,25,02-08-2022,5,5,5,5,5,5,5,5,4,,
1,42,25,02-08-2022,5,3,5,5,5,5,5,5,1,,
1,37,25,02-08-2022,5,4,5,4,5,5,5,5,4,,
1,38,25,02-08-2022,5,4,4,4,4,5,5,4,1,,
1,49,25,02-08-2022,5,5,5,5,5,5,5,5,3,,
1,52,25,02-08-2022,5,3,5,5,5,5,5,5,4,,
1,45,25,02-08-2022,5,5,5,5,5,5,5,3,5,,
1,50,25,02-08-2022,5,5,5,5,5,5,5,4,3,,
1,34,26,02-13-2022,4,4,5,2,5,5,5,0,4,,
1,40,26,02-13-2022,5,3,5,5,5,5,5,5,4,,
1,36,26,02-13-2022,5,4,5,4,5,5,5,5,5,,
1,31,26,02-13-2022,5,3,5,4,5,5,5,5,4,,
1,37,26,02-13-2022,5,3,5,4,5,5,5,5,4,,
1,32,26,02-14-2022,5,3,5,5,5,5,5,5,5,,
1,33,26,02-14-2022,5,5,5,5,5,5,5,5,5,,
1,29,26,02-14-2022,5,3,5,5,5,5,5,5,1,,
1,47,26,02-14-2022,4,4,5,4,5,5,5,3,3,,
1,30,26,02-14-2022,5,3,5,3,5,5,5,5,2,,
1,41,26,02-14-2022,5,5,5,5,5,5,5,5,4,,
1,42,26,02-14-2022,5,3,5,5,5,5,5,5,2,,
1,51,26,02-14-2022,5,5,5,5,5,5,5,5,4,,
1,48,26,02-14-2022,5,3,5,5,5,5,5,5,3,,
1,38,26,02-14-2022,5,4,5,5,5,5,5,4,1,,
1,49,26,02-15-2022,5,5,5,5,5,5,5,5,3,,
1,52,26,02-15-2022,5,3,5,5,5,5,5,5,4,,
1,44,26,02-15-2022,5,4,5,3,5,5,5,5,2,,
1,35,26,02-15-2022,5,5,5,5,5,5,5,5,5,,
1,43,26,02-15-2022,5,3,5,5,5,5,5,5,1,,
1,45,26,02-15-2022,5,5,5,4,5,5,5,2,5,,
1,50,26,02-15-2022,5,5,5,5,5,5,5,5,4,,
1,1,1,02-14-2021,3,2,5,5,1,4,5,0,1,,
1,2,1,02-14-2021,4,5,5,4,4,4,5,0,2,,
1,3,1,02-15-2021,5,4,5,5,5,5,4,4,2,,
1,4,1,02-15-2021,5,3,5,4,5,3,4,0,1,,
1,5,1,02-15-2021,5,3,5,5,5,5,5,0,1,,
1,6,1,02-15-2021,3,4,3,1,3,3,4,0,3,,
1,7,1,02-15-2021,4,3,4,4,4,4,5,0,5,,
1,8,1,02-15-2021,4,3,4,5,3,5,4,0,1,,
1,9,1,02-15-2021,5,3,5,4,5,5,5,4,3,,
1,10,1,02-15-2021,4,3,4,4,5,4,4,0,1,,
1,11,1,02-15-2021,4,4,5,5,4,5,5,4,1,,
1,12,1,02-15-2021,3,3,2,2,3,3,4,2,1,,
1,13,1,02-16-2021,3,2,3,5,3,4,3,4,1,,
1,14,1,02-16-2021,4,4,4,4,4,4,4,4,1,,
1,15,1,02-16-2021,3,3,4,3,4,4,3,0,2,,
1,16,1,02-16-2021,5,3,5,4,5,5,5,4,1,,
1,17,1,02-16-2021,4,4,5,5,5,4,5,5,2,,
1,18,1,02-16-2021,5,2,5,5,5,5,5,5,2,,
1,19,1,02-16-2021,4,3,3,4,5,4,4,4,1,,
1,20,1,02-16-2021,4,4,4,4,4,4,3,4,2,,
1,21,1,02-17-2021,5,3,5,4,5,4,5,4,3,,
1,22,1,02-17-2021,5,3,5,4,4,4,4,4,2,,
1,23,1,02-17-2021,5,3,5,4,5,4,5,0,1,,
1,24,1,02-18-2021,5,4,5,5,5,5,5,3,2,,
1,25,1,02-18-2021,4,4,4,3,4,4,4,0,2,,
1,26,1,02-18-2021,5,5,5,5,5,5,5,0,2,,
1,27,1,02-18-2021,5,3,5,5,5,5,5,5,1,,
1,28,1,02-18-2021,4,4,3,3,4,4,4,0,3,,
1,19,2,02-21-2021,4,4,3,2,4,3,5,3,2,,
1,20,2,02-21-2021,4,4,4,4,4,4,4,0,2,,
1,23,2,02-21-2021,5,3,4,3,4,4,5,0,2,,
1,9,2,02-22-2021,5,4,5,3,4,4,5,5,3,,
1,7,2,02-22-2021,5,3,4,4,5,5,5,0,5,,
1,18,2,02-22-2021,5,3,5,4,5,5,5,0,2,,
1,8,2,02-22-2021,4,3,5,3,4,4,4,0,2,,
1,17,2,02-22-2021,4,5,5,4,4,5,5,0,2,,
1,25,2,02-22-2021,5,3,5,4,4,5,5,0,2,,
1,2,2,02-22-2021,4,4,5,3,4,4,5,0,3,,
1,4,2,02-22-2021,4,3,5,4,4,4,5,0,2,,
1,1,2,02-22-2021,4,2,5,5,4,5,4,0,1,,
1,11,2,02-22-2021,4,5,5,3,4,4,5,5,4,,
1,27,2,02-22-2021,5,4,5,4,5,5,5,0,1,,
1,5,2,02-22-2021,5,5,5,5,5,5,5,5,2,,
1,21,2,02-22-2021,5,4,5,4,5,5,5,5,3,,
1,12,2,02-22-2021,4,3,3,2,2,2,5,2,2,,
1,16,2,02-22-2021,5,3,5,4,5,5,5,0,2,,
1,26,2,02-22-2021,5,5,5,5,5,5,5,0,2,,
1,22,2,02-22-2021,5,5,5,5,5,5,5,4,3,,
1,28,2,02-22-2021,4,5,3,3,4,4,4,0,4,,
1,13,2,02-22-2021,4,3,5,3,4,4,3,2,1,,
1,6,2,02-22-2021,4,4,4,3,3,4,4,0,4,,
1,3,2,02-22-2021,4,4,5,3,5,5,5,3,5,,
1,24,2,02-23-2021,5,3,5,5,5,5,5,4,2,,
1,14,2,02-23-2021,5,5,5,5,5,5,5,5,3,,
1,15,2,02-23-2021,3,3,3,2,4,4,4,0,3,,
1,10,2,02-23-2021,4,4,5,3,5,5,5,0,2,,
1,8,3,02-28-2021,4,4,4,4,4,4,4,4,3,,
1,19,3,02-28-2021,3,4,4,3,4,3,4,0,3,,
1,20,3,02-28-2021,3,4,4,4,4,4,4,4,2,,
1,11,3,02-28-2021,4,5,5,4,5,4,5,5,4,,
1,27,3,02-28-2021,4,3,3,2,4,3,3,0,3,,
1,9,3,02-28-2021,5,5,5,4,5,5,5,5,4,,
1,3,3,03-01-2021,4,4,5,3,5,4,4,4,5,,
1,7,3,03-01-2021,3,4,4,1,4,2,5,0,5,,
1,22,3,03-01-2021,4,4,4,4,4,4,4,4,2,,
1,28,3,03-01-2021,3,5,3,3,4,4,4,4,4,,
1,23,3,03-01-2021,4,4,5,3,4,3,3,5,2,,
1,2,3,03-02-2021,4,4,5,4,4,4,5,4,2,,
1,26,3,03-02-2021,5,5,5,5,5,5,5,1,2,,
1,12,3,03-02-2021,3,3,2,3,5,4,3,3,3,,
1,5,3,03-02-2021,4,3,4,3,3,4,5,3,2,,
1,25,3,03-02-2021,3,4,4,2,4,4,4,3,2,,
1,10,3,03-02-2021,5,4,5,3,5,4,5,5,2,,
1,17,3,03-02-2021,4,5,5,1,4,3,5,5,4,,
1,6,3,03-02-2021,3,3,4,3,4,4,4,4,4,,
1,15,3,03-02-2021,3,4,4,2,3,2,4,4,4,,
1,13,3,03-02-2021,4,3,4,4,3,4,4,3,1,,
1,4,3,03-02-2021,2,5,3,3,3,2,3,0,3,,
1,1,3,03-02-2021,5,1,5,5,5,5,5,5,2,,
1,24,3,03-02-2021,5,5,5,5,5,5,5,5,2,,
1,14,3,03-02-2021,5,5,5,5,5,5,5,5,2,,
1,16,3,03-02-2021,5,4,5,5,5,5,5,3,1,,
1,21,3,03-02-2021,4,4,5,2,4,3,4,5,2,,
1,18,3,03-02-2021,5,3,5,4,5,4,5,5,3,,
1,11,4,03-07-2021,4,5,3,2,3,3,4,5,5,,
1,23,4,03-07-2021,5,5,5,4,4,5,5,3,3,,
1,9,4,03-07-2021,5,4,5,3,5,5,5,5,2,,
1,19,4,03-07-2021,4,4,3,2,3,3,5,4,3,,
1,2,4,03-07-2021,4,4,4,4,4,3,4,4,2,,
1,22,4,03-08-2021,4,4,4,3,4,4,4,3,3,,
1,1,4,03-08-2021,5,3,5,5,5,5,5,5,1,,
1,3,4,03-08-2021,4,4,5,3,5,4,4,4,5,,
1,18,4,03-08-2021,5,3,5,4,5,5,5,5,3,,
1,25,4,03-08-2021,4,4,5,2,4,5,5,4,2,,
1,5,4,03-08-2021,5,5,5,4,4,4,5,5,2,,
1,15,4,03-08-2021,4,3,4,3,3,3,4,3,4,,
1,4,4,03-08-2021,5,5,4,4,5,5,5,4,2,,
1,10,4,03-08-2021,5,4,5,4,5,5,5,4,2,,
1,14,4,03-08-2021,5,5,5,5,5,5,5,5,3,,
1,17,4,03-08-2021,5,5,5,2,4,4,5,5,3,,
1,8,4,03-08-2021,5,3,5,5,5,5,5,0,3,,
1,12,4,03-09-2021,4,5,1,2,5,4,3,2,2,,
1,6,4,03-09-2021,4,4,4,3,4,4,5,5,4,,
1,7,4,03-09-2021,4,5,5,5,5,5,5,5,5,,
1,27,4,03-09-2021,4,3,4,4,4,4,4,4,3,,
1,26,4,03-09-2021,5,5,5,4,5,5,5,5,2,,
1,21,4,03-09-2021,3,4,3,2,3,4,5,1,2,,
1,16,4,03-09-2021,4,4,5,5,5,5,5,5,1,,
1,20,4,03-09-2021,4,4,4,3,3,3,4,4,3,,
1,28,4,03-09-2021,4,5,3,3,4,3,4,3,4,,
1,13,4,03-09-2021,3,3,3,5,4,4,5,3,1,,
1,24,4,03-09-2021,5,5,5,5,5,5,5,5,1,,
1,19,5,03-14-2021,5,5,5,5,5,5,5,4,5,,
1,20,5,03-14-2021,4,4,4,4,3,4,4,4,2,,
1,9,5,03-14-2021,5,4,5,3,5,5,5,5,3,,
1,2,5,03-15-2021,4,4,4,4,4,4,4,4,2,,
1,3,5,03-15-2021,4,4,4,4,4,4,4,4,4,,
1,1,5,03-15-2021,5,3,5,5,5,5,5,5,3,,
1,17,5,03-15-2021,4,4,4,4,4,4,5,3,3,,
1,18,5,03-15-2021,5,3,5,4,5,5,5,3,4,,
1,11,5,03-15-2021,5,4,4,3,4,5,5,4,5,,
1,15,5,03-15-2021,3,3,4,3,3,3,4,3,4,,
1,5,5,03-15-2021,4,4,4,4,4,4,4,4,2,,
1,12,5,03-16-2021,4,5,3,3,5,4,5,4,2,,
1,7,5,03-16-2021,5,4,5,5,5,5,5,5,5,,
1,4,5,03-16-2021,5,3,4,4,5,5,5,4,2,,
1,21,5,03-16-2021,4,4,3,2,4,4,5,2,2,,
1,25,5,03-16-2021,4,4,5,3,3,4,5,4,3,,
1,13,5,03-16-2021,4,4,4,5,3,4,5,3,2,,
1,8,5,03-16-2021,4,4,4,4,4,4,4,4,2,,
1,26,5,03-16-2021,3,5,4,5,5,3,5,5,2,,
1,10,5,03-16-2021,5,4,5,3,5,5,5,5,3,,
1,14,5,03-16-2021,5,5,5,5,5,5,5,5,3,,
1,27,5,03-16-2021,4,4,4,4,4,3,4,3,3,,
1,22,5,03-16-2021,4,4,4,4,4,4,4,3,3,,
1,28,5,03-16-2021,4,5,3,3,3,3,4,3,4,,
1,16,5,03-16-2021,4,4,4,4,4,4,4,4,1,,
1,6,5,03-16-2021,4,4,4,4,4,4,4,3,4,,
1,24,5,03-16-2021,5,5,5,5,5,5,5,5,2,,
1,23,5,03-18-2021,5,5,5,5,5,5,5,5,2,,
1,8,6,03-21-2021,4,3,4,4,4,4,4,4,2,,
1,19,6,03-21-2021,4,4,4,3,4,4,5,2,4,,
1,20,6,03-21-2021,3,4,4,4,3,3,4,4,2,,
1,26,6,03-21-2021,5,5,4,5,5,5,5,2,3,,
1,18,6,03-22-2021,5,3,5,5,5,5,5,5,3,,
1,3,6,03-22-2021,4,4,4,4,4,4,4,3,5,,
1,7,6,03-22-2021,5,4,4,4,4,5,5,5,5,,
1,6,6,03-22-2021,4,3,4,3,4,4,4,4,4,,
1,25,6,03-22-2021,4,4,4,2,4,5,5,4,2,,
1,14,6,03-22-2021,5,5,5,5,5,5,5,5,3,,
1,4,6,03-22-2021,4,4,4,4,4,4,4,3,2,,
1,5,6,03-22-2021,4,4,4,4,4,4,4,4,3,,
1,11,6,03-22-2021,5,4,5,3,5,5,5,4,5,,
1,16,6,03-23-2021,5,4,4,4,4,4,4,4,1,,
1,1,6,03-23-2021,5,3,5,5,5,5,5,5,2,,
1,10,6,03-23-2021,5,5,5,3,5,5,5,5,5,,
1,2,6,03-23-2021,4,4,4,4,5,3,5,4,2,,
1,24,6,03-23-2021,5,5,5,5,5,5,5,5,1,,
1,17,6,03-23-2021,4,4,4,4,4,4,5,5,4,,
1,15,6,03-23-2021,3,4,4,2,4,3,3,4,3,,
1,22,6,03-23-2021,4,4,4,4,4,4,4,4,3,,
1,21,6,03-23-2021,3,4,3,3,4,4,5,3,1,,
1,27,6,03-23-2021,4,3,3,3,4,4,5,3,3,,
1,9,6,03-23-2021,5,5,5,3,4,4,5,4,4,,
1,23,6,03-23-2021,5,5,5,5,5,5,5,5,1,,
1,13,6,03-23-2021,3,3,2,4,3,4,4,3,2,,
1,28,6,03-23-2021,3,5,3,3,3,3,4,2,4,,
1,12,6,03-23-2021,5,4,4,2,5,4,4,4,2,,
1,26,7,03-28-2021,5,4,5,5,5,4,5,5,4,,
1,2,7,03-28-2021,4,4,4,4,4,4,4,4,2,,
1,28,7,03-28-2021,4,5,3,3,4,4,4,4,4,,
1,20,7,03-28-2021,4,4,4,4,4,4,4,4,2,,
1,8,7,03-29-2021,4,4,4,4,4,4,4,4,4,,
1,3,7,03-29-2021,4,4,4,4,4,4,4,4,5,,
1,25,7,03-29-2021,4,4,5,4,4,5,5,5,3,,
1,5,7,03-29-2021,4,4,4,4,4,4,4,4,3,,
1,1,7,03-29-2021,5,3,5,5,5,5,5,5,2,,
1,15,7,03-29-2021,2,3,4,2,3,3,3,3,3,,
1,6,7,03-29-2021,4,3,3,3,3,3,3,5,4,,
1,7,7,03-29-2021,5,3,5,5,5,5,5,1,5,,
1,19,7,03-29-2021,5,5,4,3,5,5,5,4,2,,
1,13,7,03-30-2021,4,4,4,3,4,4,5,2,2,,
1,17,7,03-30-2021,5,3,5,5,5,5,5,5,4,,
1,14,7,03-30-2021,5,5,5,5,5,5,5,5,3,,
1,11,7,03-30-2021,4,4,4,4,5,5,5,4,5,,
1,4,7,03-30-2021,4,4,4,4,4,4,4,4,1,,
1,22,7,03-30-2021,4,4,3,3,4,4,4,3,3,,
1,10,7,03-30-2021,5,3,5,5,5,5,5,5,3,,
1,18,7,03-30-2021,5,3,5,5,5,5,5,5,4,,
1,12,7,03-30-2021,5,4,3,4,4,4,4,3,2,,
1,27,7,03-30-2021,4,4,4,4,4,4,4,4,3,,
1,23,7,03-30-2021,5,5,5,5,5,5,5,5,2,,
1,9,7,03-30-2021,5,5,5,3,5,5,5,4,3,,
1,16,7,03-30-2021,4,4,4,4,4,4,4,3,3,,
1,20,8,04-04-2021,4,4,4,4,4,4,4,4,2,,
1,11,8,04-05-2021,5,2,1,4,5,5,5,5,5,,
1,14,8,04-05-2021,5,5,5,5,5,5,5,5,2,,
1,19,8,04-05-2021,5,3,3,5,3,4,5,4,1,,
1,13,8,04-05-2021,4,2,5,3,3,4,4,2,2,,
1,1,8,04-05-2021,5,5,5,5,5,5,5,5,3,,
1,28,8,04-05-2021,4,5,4,3,3,4,4,4,5,,
1,18,8,04-05-2021,5,3,5,5,5,4,5,5,4,,
1,2,8,04-05-2021,4,4,4,4,4,4,4,5,2,,
1,4,8,04-06-2021,5,3,5,4,5,4,4,4,2,,
1,7,8,04-06-2021,5,3,5,5,5,5,5,1,5,,
1,17,8,04-06-2021,5,3,5,5,5,5,5,5,3,,
1,5,8,04-06-2021,4,4,4,4,4,4,4,3,2,,
1,22,8,04-06-2021,4,4,4,3,4,4,4,4,3,,
1,23,8,04-06-2021,5,5,5,5,5,5,5,5,4,,
1,27,8,04-06-2021,4,4,4,4,4,4,4,3,3,,
1,3,8,04-06-2021,4,4,4,4,4,4,4,4,4,,
1,16,8,04-06-2021,4,4,4,4,4,4,4,4,2,,
1,10,8,04-06-2021,5,3,5,5,5,5,5,5,2,,
1,25,8,04-06-2021,5,3,5,5,5,4,4,4,3,,
1,15,8,04-06-2021,4,3,4,3,4,3,4,3,3,,
1,12,8,04-06-2021,5,5,3,3,5,3,5,3,2,,
1,26,8,04-06-2021,5,4,5,5,5,5,5,5,3,,
1,6,8,04-06-2021,4,4,4,4,4,4,4,4,5,,
1,8,8,04-06-2021,4,4,4,4,4,4,4,4,4,,
1,20,9,04-11-2021,3,3,4,4,4,4,4,4,2,,
1,19,9,04-11-2021,4,4,4,1,4,4,5,0,2,,
1,14,9,04-12-2021,5,5,5,5,5,5,5,5,2,,
1,11,9,04-12-2021,4,3,5,4,5,5,5,4,5,,
1,4,9,04-12-2021,5,3,5,5,5,5,5,5,1,,
1,10,9,04-12-2021,5,3,5,5,5,5,5,4,3,,
1,7,9,04-12-2021,5,3,5,5,5,5,5,1,5,,
1,26,9,04-12-2021,5,4,5,5,5,4,5,0,3,,
1,17,9,04-13-2021,5,4,5,5,5,5,5,5,3,,
1,6,9,04-13-2021,4,4,4,4,4,4,4,4,5,,
1,5,9,04-13-2021,4,4,4,4,4,4,4,3,2,,
1,22,9,04-13-2021,4,3,4,4,4,4,4,4,2,,
1,25,9,04-13-2021,5,3,5,4,4,4,5,4,3,,
1,1,9,04-13-2021,5,2,5,5,5,5,5,0,1,,
1,27,9,04-13-2021,4,4,4,4,4,4,4,4,3,,
1,18,9,04-13-2021,5,3,5,4,5,5,5,0,2,,
1,23,9,04-13-2021,5,5,5,5,4,5,5,5,2,,
1,16,9,04-13-2021,4,4,4,5,5,5,5,4,2,,
1,2,9,04-13-2021,4,4,4,4,4,4,4,4,2,,
1,28,9,04-13-2021,4,5,3,3,4,4,4,3,3,,
1,13,9,04-13-2021,3,3,3,3,2,4,5,2,2,,
1,3,9,04-13-2021,4,4,4,4,4,4,4,4,5,,
1,8,9,04-13-2021,4,4,4,4,4,4,4,4,4,,
1,15,9,04-15-2021,3,4,3,2,3,3,3,3,3,,
1,12,9,04-15-2021,5,5,3,2,5,4,4,3,2,,
1,22,10,04-18-2021,4,4,5,4,4,4,4,3,3,,
1,19,10,04-19-2021,4,4,4,3,4,3,4,0,3,,
1,17,10,04-19-2021,5,3,5,5,5,5,5,5,3,,
1,6,10,04-19-2021,4,4,4,4,4,4,4,4,4,,
1,4,10,04-19-2021,5,3,4,4,4,4,4,0,1,,
1,20,10,04-19-2021,4,3,4,4,4,4,4,3,2,,
1,25,10,04-19-2021,4,3,4,3,4,5,5,3,3,,
1,10,10,04-19-2021,5,4,5,5,5,5,5,5,1,,
1,8,10,04-19-2021,4,4,4,4,4,4,4,4,4,,
1,26,10,04-20-2021,5,3,5,5,5,5,5,5,3,,
1,11,10,04-20-2021,4,4,4,4,5,5,5,4,4,,
1,16,10,04-20-2021,4,4,4,4,4,4,4,4,2,,
1,13,10,04-20-2021,4,3,4,4,4,4,4,2,2,,
1,3,10,04-20-2021,4,4,4,4,4,4,4,4,4,,
1,5,10,04-20-2021,4,4,4,4,4,4,4,4,2,,
1,7,10,04-20-2021,3,3,4,5,3,4,4,1,5,,
1,15,10,04-20-2021,3,3,3,3,3,3,3,2,3,,
1,28,10,04-20-2021,4,5,3,3,4,3,4,0,3,,
1,18,10,04-20-2021,5,3,5,4,5,5,5,0,3,,
1,1,10,04-20-2021,5,3,5,5,5,5,5,5,2,,
1,23,10,04-20-2021,5,5,5,5,5,5,5,5,3,,
1,14,10,04-20-2021,5,5,5,5,5,5,5,5,3,,
1,27,10,04-20-2021,3,3,3,3,3,3,3,2,3,,
1,2,10,04-20-2021,4,4,4,4,4,3,4,4,2,,
1,12,10,04-20-2021,4,5,3,1,3,3,3,1,2,,
1,19,11,04-25-2021,4,4,4,4,4,4,4,4,2,,
1,1,11,04-26-2021,5,3,5,5,5,5,5,5,1,,
1,6,11,04-26-2021,4,4,4,4,4,4,4,4,4,,
1,26,11,04-26-2021,4,4,5,5,5,5,5,5,3,,
1,4,11,04-26-2021,5,3,5,5,5,5,5,4,2,,
1,11,11,04-26-2021,4,4,1,3,5,5,5,4,5,,
1,22,11,04-26-2021,3,5,3,2,2,3,3,4,3,,
1,16,11,04-26-2021,5,4,5,5,5,5,5,5,2,,
1,5,11,04-26-2021,4,4,4,4,4,4,4,4,2,,
1,18,11,04-27-2021,5,3,5,4,5,5,5,5,3,,
1,14,11,04-27-2021,5,5,5,5,5,5,5,5,2,,
1,17,11,04-27-2021,5,4,4,5,5,4,5,5,3,,
1,7,11,04-27-2021,4,3,5,3,4,4,5,1,5,,
1,15,11,04-27-2021,4,4,5,4,4,4,4,3,4,,
1,25,11,04-27-2021,4,3,5,4,4,5,5,4,2,,
1,27,11,04-27-2021,4,4,4,4,4,4,4,4,4,,
1,10,11,04-27-2021,5,4,5,4,5,5,5,5,1,,
1,2,11,04-27-2021,3,4,3,3,3,2,4,4,2,,
1,3,11,04-27-2021,4,4,4,4,4,4,4,3,4,,
1,23,11,04-27-2021,5,5,5,5,5,5,5,5,2,,
1,28,11,04-27-2021,4,5,4,2,3,3,4,2,4,,
1,20,11,04-27-2021,3,3,3,3,3,3,3,2,3,,
1,12,11,04-27-2021,4,4,4,4,5,3,3,3,2,,
1,13,11,04-27-2021,4,4,4,4,4,4,4,3,2,,
1,8,11,04-27-2021,4,4,4,4,4,4,4,4,4,,
1,19,12,05-02-2021,5,3,5,4,4,4,5,5,4,,
1,2,12,05-02-2021,4,4,4,4,4,4,4,4,2,,
1,1,12,05-03-2021,5,3,5,5,5,5,5,5,1,,
1,7,12,05-03-2021,5,4,5,5,5,5,5,5,5,,
1,6,12,05-03-2021,4,4,4,4,4,4,4,4,4,,
1,10,12,05-03-2021,5,4,5,4,5,5,5,5,2,,
1,8,12,05-04-2021,5,5,5,5,5,5,5,5,5,,
1,14,12,05-04-2021,5,5,5,5,5,5,5,5,3,,
1,16,12,05-04-2021,5,4,5,5,5,5,5,5,2,,
1,17,12,05-04-2021,5,4,4,5,4,4,5,4,3,,
1,20,12,05-04-2021,4,4,4,4,4,3,4,4,2,,
1,13,12,05-04-2021,3,3,3,3,4,4,4,2,2,,
1,27,12,05-04-2021,4,4,4,3,4,4,4,3,3,,
1,15,12,05-04-2021,3,3,4,3,3,3,3,2,4,,
1,5,12,05-04-2021,4,4,4,4,4,4,4,4,2,,
1,23,12,05-04-2021,5,5,5,5,5,5,5,5,2,,
1,18,12,05-04-2021,5,3,5,4,5,5,5,3,5,,
1,11,12,05-04-2021,5,4,5,4,5,5,5,4,5,,
1,4,12,05-04-2021,3,4,3,3,4,4,4,5,2,,
1,28,12,05-04-2021,4,5,3,4,4,4,4,4,4,,
1,26,12,05-04-2021,4,3,5,5,4,4,5,3,3,,
1,3,12,05-04-2021,3,4,4,4,4,4,4,4,3,,
1,12,12,05-04-2021,4,3,3,3,3,3,3,2,4,,
1,25,12,05-06-2021,4,3,4,4,4,4,5,3,2,,
1,22,12,05-06-2021,3,4,3,1,4,4,4,3,2,,
1,18,13,05-09-2021,5,3,5,4,5,5,5,3,4,,
1,23,13,05-09-2021,5,5,5,5,5,5,5,5,2,,
1,20,13,05-09-2021,4,4,4,4,4,4,4,4,2,,
1,1,13,05-10-2021,5,3,5,5,5,5,5,5,3,,
1,6,13,05-10-2021,4,3,4,3,4,4,4,3,5,,
1,11,13,05-10-2021,5,3,5,4,5,5,5,3,5,,
1,7,13,05-10-2021,5,3,5,5,5,5,5,5,5,,
1,3,13,05-10-2021,4,4,4,4,4,4,4,3,2,,
1,19,13,05-10-2021,5,3,4,4,4,4,5,4,3,,
1,10,13,05-10-2021,5,4,5,4,5,5,5,5,2,,
1,9,13,05-11-2021,5,4,5,4,5,5,5,5,2,,
1,25,13,05-11-2021,4,3,4,3,4,5,5,2,2,,
1,28,13,05-11-2021,4,5,4,2,4,4,4,0,3,,
1,13,13,05-11-2021,2,1,4,3,4,5,5,3,1,,
1,14,13,05-11-2021,5,5,5,5,5,5,5,5,2,,
1,15,13,05-11-2021,3,4,4,3,3,4,4,3,4,,
1,2,13,05-11-2021,4,4,4,4,4,4,4,5,2,,
1,22,13,05-11-2021,4,3,3,3,4,4,4,3,2,,
1,16,13,05-11-2021,5,3,5,5,5,5,5,5,2,,
1,27,13,05-11-2021,4,3,4,4,4,4,4,3,2,,
1,26,13,05-11-2021,1,5,5,3,5,4,5,5,3,,
1,5,13,05-11-2021,4,4,4,4,4,4,4,4,2,,
1,4,13,05-11-2021,5,4,5,5,5,5,5,4,2,,
1,17,13,05-11-2021,5,5,5,5,5,5,5,5,3,,
1,12,13,05-11-2021,3,3,3,3,3,3,3,2,2,,
1,8,13,05-11-2021,4,4,4,4,4,4,4,4,4,,
1,25,14,05-16-2021,4,3,5,5,5,5,5,0,3,,
1,17,14,05-17-2021,5,4,5,5,5,4,5,5,4,,
1,27,14,05-17-2021,4,3,4,4,4,4,4,3,4,,
1,15,14,05-17-2021,3,3,4,3,3,3,3,4,4,,
1,7,14,05-17-2021,5,3,1,5,5,5,5,1,5,,
1,6,14,05-17-2021,4,4,4,3,3,3,3,4,4,Random444,
1,16,14,05-17-2021,5,5,5,5,5,5,5,4,2,,
1,11,14,05-17-2021,5,4,5,3,5,5,5,5,5,,
1,1,14,05-17-2021,5,3,5,5,5,5,5,5,3,,
1,19,14,05-17-2021,4,3,4,3,4,4,4,4,2,,
1,2,14,05-17-2021,4,4,4,4,4,4,4,4,2,,
1,26,14,05-17-2021,5,3,5,5,5,5,5,5,3,,
1,23,14,05-18-2021,5,5,5,5,5,5,5,5,2,,
1,14,14,05-18-2021,5,5,5,5,5,5,5,5,1,,
1,5,14,05-18-2021,4,4,4,4,4,4,4,4,1,,
1,20,14,05-18-2021,4,4,4,4,4,4,4,4,2,,
1,18,14,05-18-2021,5,3,5,4,5,5,5,1,4,,
1,22,14,05-18-2021,4,3,3,3,4,4,4,0,3,,
1,10,14,05-18-2021,5,4,5,5,5,5,5,5,2,,
1,12,14,05-18-2021,4,4,5,1,5,4,4,3,1,,
1,4,14,05-18-2021,5,5,5,5,4,4,4,4,1,,
1,13,14,05-18-2021,4,3,3,4,4,4,4,2,2,,
1,8,14,05-18-2021,4,4,4,4,4,4,4,4,4,,
1,28,14,05-18-2021,4,5,4,2,4,4,4,0,4,,
1,3,14,05-22-2021,4,4,4,4,4,4,4,3,2,,
1,3,15,05-23-2021,4,4,4,4,4,4,4,3,2,,
1,1,15,05-23-2021,5,3,5,5,5,5,5,5,2,,
1,7,15,05-24-2021,5,3,3,4,5,5,5,1,5,,
1,2,15,05-24-2021,4,3,4,3,3,3,4,3,2,,
1,17,15,05-24-2021,5,3,4,4,4,4,5,5,3,,
1,15,15,05-24-2021,3,3,3,3,3,3,3,3,3,,
1,6,15,05-24-2021,4,3,4,3,4,4,4,4,5,,
1,25,15,05-24-2021,4,3,5,5,4,5,5,3,3,,
1,11,15,05-24-2021,5,4,5,4,5,5,5,5,4,,
1,18,15,05-24-2021,5,3,5,5,5,5,5,0,3,,
1,16,15,05-24-2021,5,3,5,5,5,5,5,5,2,,
1,19,15,05-25-2021,4,3,4,3,4,4,5,0,3,,
1,27,15,05-25-2021,3,3,3,3,3,3,3,2,3,,
1,4,15,05-25-2021,5,3,5,5,5,5,5,5,1,,
1,5,15,05-25-2021,4,4,4,4,4,4,4,4,2,,
1,26,15,05-25-2021,5,3,5,5,5,5,5,5,3,,
1,12,15,05-25-2021,5,4,4,4,4,4,4,3,2,,
1,10,15,05-25-2021,5,4,5,4,5,5,5,4,1,,
1,22,15,05-25-2021,4,4,3,3,3,3,4,0,2,,
1,23,15,05-25-2021,5,5,5,5,5,5,5,5,3,,
1,13,15,05-25-2021,4,4,3,3,3,3,3,2,2,,
1,14,15,05-25-2021,5,5,5,5,5,5,5,5,1,,
1,20,15,05-25-2021,4,3,3,3,3,3,3,3,2,,
1,28,15,05-25-2021,4,5,3,2,2,3,4,3,3,,
1,6,16,05-30-2021,4,4,4,4,4,4,4,4,4,,
1,18,16,05-31-2021,5,3,5,4,5,5,5,0,3,,
1,4,16,05-31-2021,5,3,5,5,5,5,5,4,1,,
1,19,16,05-31-2021,4,3,4,4,4,3,4,4,2,,
1,20,16,05-31-2021,3,3,3,3,3,3,3,3,2,,
1,16,16,06-01-2021,5,4,5,5,5,5,5,5,2,,
1,3,16,06-01-2021,4,4,4,4,4,4,4,3,3,,
1,8,16,06-01-2021,4,4,4,4,4,4,4,4,4,,
1,23,16,06-01-2021,5,5,5,5,5,5,5,4,3,,
1,7,16,06-01-2021,5,3,4,5,4,5,5,1,5,,
1,26,16,06-01-2021,5,3,5,1,5,5,5,5,3,,
1,2,16,06-01-2021,4,4,3,4,4,3,3,4,2,,
1,11,16,06-02-2021,5,5,5,5,5,5,5,5,5,,
1,27,16,06-02-2021,4,4,3,3,3,3,3,0,3,,
1,5,16,06-03-2021,4,4,4,4,4,4,4,3,2,,
1,22,16,06-03-2021,3,5,3,2,3,3,3,3,1,,
1,15,16,06-03-2021,3,3,3,3,3,3,3,4,3,,
1,25,16,06-03-2021,4,3,4,4,4,5,5,3,3,,
1,17,16,06-03-2021,5,3,5,5,5,5,5,5,3,,
1,10,16,06-03-2021,5,3,5,5,5,5,5,5,1,,
1,14,16,06-03-2021,5,5,5,5,5,5,5,5,2,,
1,12,16,06-03-2021,4,4,4,4,4,4,4,3,1,,
1,13,16,06-03-2021,3,3,3,3,3,3,3,2,2,,
1,28,16,06-03-2021,3,5,3,2,4,4,4,3,4,,
1,9,16,06-06-2021,5,5,5,5,5,5,5,5,3,,
1,17,17,06-06-2021,5,3,5,5,5,5,5,5,3,,
1,16,17,06-07-2021,5,4,5,4,4,5,5,5,2,,
1,11,17,06-07-2021,5,5,5,5,5,5,5,5,5,,
1,14,17,06-07-2021,5,5,5,5,5,5,5,5,3,,
1,6,17,06-07-2021,3,3,3,3,3,3,3,3,5,,
1,19,17,06-07-2021,3,3,3,1,4,4,5,3,3,,
1,20,17,06-07-2021,3,3,3,3,3,3,3,3,2,,
1,12,17,06-07-2021,4,3,4,4,4,4,3,2,2,,
1,15,17,06-07-2021,3,3,3,3,3,3,3,0,4,,
1,18,17,06-07-2021,5,3,5,4,5,5,5,5,4,,
1,2,17,06-08-2021,4,4,4,3,4,4,4,3,2,,
1,4,17,06-08-2021,4,4,3,2,3,4,4,3,1,,
1,26,17,06-08-2021,5,3,5,5,5,5,5,5,2,,
1,5,17,06-08-2021,4,4,4,4,4,4,4,4,2,,
1,27,17,06-08-2021,3,3,3,3,3,3,3,0,3,,
1,3,17,06-08-2021,4,4,4,4,4,4,4,4,4,,
1,23,17,06-08-2021,5,5,5,5,5,5,5,5,3,,
1,7,17,06-08-2021,5,3,3,4,4,4,4,3,5,,
1,22,17,06-08-2021,3,5,3,2,3,3,3,0,1,,
1,25,17,06-08-2021,3,3,4,3,4,4,5,3,2,,
1,10,17,06-08-2021,5,4,5,5,5,5,5,5,1,,
1,13,17,06-08-2021,4,4,3,3,3,4,4,3,2,,
1,8,17,06-08-2021,4,4,4,4,4,4,4,4,4,,
1,28,17,06-08-2021,3,5,4,1,3,4,3,2,5,,
1,26,18,06-13-2021,5,4,5,5,5,5,5,5,3,,
1,12,18,06-14-2021,3,3,3,3,3,3,3,2,2,,
1,25,18,06-14-2021,5,3,5,4,4,5,5,4,3,,
1,19,18,06-14-2021,3,4,4,2,3,3,4,0,3,,
1,7,18,06-14-2021,1,3,1,2,3,3,4,1,5,,
1,15,18,06-14-2021,3,3,3,3,3,3,4,3,4,,
1,11,18,06-14-2021,5,5,5,4,5,5,5,5,5,,
1,23,18,06-14-2021,5,5,5,5,5,5,5,5,3,,
1,14,18,06-15-2021,5,5,5,5,5,5,5,5,2,,
1,17,18,06-15-2021,5,3,5,4,5,4,5,4,3,,
1,4,18,06-15-2021,4,4,4,4,4,4,4,3,1,,
1,13,18,06-15-2021,4,3,3,4,3,3,4,2,2,,
1,8,18,06-15-2021,4,4,4,4,4,4,4,4,4,,
1,6,18,06-15-2021,4,4,4,4,4,4,4,4,4,,
1,10,18,06-15-2021,5,4,5,5,5,5,5,5,1,,
1,5,18,06-15-2021,4,4,4,4,4,4,4,4,2,,
1,16,18,06-15-2021,5,5,5,4,5,5,5,5,2,,
1,18,18,06-15-2021,5,3,5,4,5,5,5,4,3,,
1,3,18,06-15-2021,4,4,4,4,4,4,4,4,4,,
1,28,18,06-15-2021,4,5,3,2,3,3,3,3,5,,
1,22,18,06-15-2021,3,5,3,1,4,4,4,0,1,,
1,27,18,06-15-2021,4,4,5,4,3,3,4,0,4,,
1,20,18,06-15-2021,3,3,3,3,3,3,3,3,2,,
1,2,18,06-15-2021,4,4,4,4,4,4,4,4,1,,
1,8,19,06-21-2021,4,4,4,4,4,4,4,4,4,,
1,4,19,06-21-2021,2,3,4,2,3,4,4,0,1,,
1,17,19,06-21-2021,5,5,5,4,5,5,5,4,3,,
1,19,19,06-21-2021,3,3,3,3,4,4,5,0,4,,
1,25,19,06-21-2021,5,3,5,4,5,5,5,3,3,,
1,20,19,06-21-2021,3,3,3,3,3,3,3,3,2,,
1,7,19,06-21-2021,3,3,3,5,2,2,2,1,5,,
1,26,19,06-21-2021,3,3,5,5,5,5,5,5,2,,
1,11,19,06-21-2021,5,5,5,5,5,5,5,5,5,,
1,12,19,06-21-2021,3,3,3,3,3,3,3,2,1,,
1,15,19,06-22-2021,1,3,3,3,3,3,3,0,3,,
1,23,19,06-22-2021,5,5,5,5,5,5,5,5,2,,
1,14,19,06-22-2021,5,5,5,5,5,5,5,5,2,,
1,1,19,06-22-2021,5,3,5,5,5,5,5,5,1,,
1,2,19,06-22-2021,3,3,3,3,4,3,3,4,2,,
1,3,19,06-22-2021,3,3,3,3,3,3,3,2,2,,
1,6,19,06-22-2021,3,4,4,3,3,3,3,4,4,,
1,5,19,06-22-2021,4,4,4,4,4,4,4,3,2,,
1,27,19,06-22-2021,3,3,3,3,3,3,3,0,3,,
1,18,19,06-22-2021,5,3,5,5,5,5,5,0,4,,
1,16,19,06-22-2021,5,4,5,5,5,5,5,4,2,,
1,13,19,06-22-2021,3,2,3,2,3,4,3,2,1,,
1,10,19,06-22-2021,5,4,5,5,5,5,5,5,2,,
1,28,19,06-22-2021,3,5,3,1,4,4,4,3,5,,
1,9,19,06-25-2021,5,5,5,5,5,5,5,5,2,,
1,12,20,06-28-2021,3,3,3,3,3,3,3,2,2,,
1,1,20,06-28-2021,5,3,5,3,5,5,5,5,4,,
1,19,20,06-28-2021,3,3,3,3,3,3,3,3,5,,
1,23,20,06-28-2021,5,5,5,5,5,5,5,5,3,,
1,20,20,06-28-2021,3,3,3,3,3,3,3,3,3,,
1,25,20,06-28-2021,5,3,5,5,5,5,5,5,4,,
1,26,20,06-28-2021,5,3,5,5,5,5,5,0,2,,
1,7,20,06-29-2021,2,5,4,2,3,3,5,5,5,,
1,11,20,06-29-2021,5,5,5,5,5,5,5,5,5,,
1,5,20,06-29-2021,4,4,4,4,4,4,4,4,2,,
1,2,20,06-29-2021,3,3,4,3,3,4,4,3,2,,
1,27,20,06-29-2021,4,4,4,4,4,4,4,3,4,,
1,16,20,06-29-2021,5,4,5,5,5,5,5,5,4,,
1,10,20,06-29-2021,5,4,5,5,5,5,5,5,2,,
1,3,20,06-29-2021,4,4,4,4,4,4,4,3,2,,
1,18,20,06-29-2021,5,3,5,4,5,5,5,5,5,,
1,6,20,06-29-2021,3,4,3,4,3,2,3,3,5,,
1,13,20,06-29-2021,4,3,5,4,3,3,3,2,1,,
1,17,20,06-29-2021,5,5,5,5,5,5,5,5,3,,
1,8,20,07-01-2021,4,4,4,4,4,4,4,4,4,,
1,28,20,07-04-2021,3,3,3,3,3,3,3,3,3,,
1,19,21,07-05-2021,5,3,3,3,3,4,4,0,2,,
1,20,21,07-05-2021,3,3,3,3,3,3,3,3,2,,
1,17,21,07-05-2021,5,5,5,5,5,5,5,5,4,,
1,3,21,07-06-2021,4,4,4,4,4,4,4,4,2,,
1,4,21,07-06-2021,5,5,5,4,4,4,4,5,2,,
1,25,21,07-06-2021,4,2,5,5,3,5,5,5,2,,
1,23,21,07-06-2021,5,5,5,5,5,5,5,5,2,,
1,2,21,07-06-2021,3,3,4,4,2,2,3,3,2,,
1,26,21,07-06-2021,4,3,5,5,5,5,5,5,1,,
1,11,21,07-07-2021,5,5,5,5,5,5,5,5,5,,
1,6,21,07-07-2021,3,3,3,3,3,3,3,3,4,,
1,7,21,07-07-2021,4,3,5,5,5,5,5,4,5,,
1,16,21,07-08-2021,5,4,5,5,5,5,5,5,2,,
1,18,21,07-08-2021,5,2,5,5,5,5,5,0,2,,
1,1,21,07-08-2021,5,3,5,3,5,5,5,5,2,,
1,27,21,07-08-2021,4,3,3,5,5,5,5,0,3,,
1,8,21,07-08-2021,4,4,4,4,4,4,4,4,4,,
1,10,21,07-08-2021,5,4,5,5,5,5,5,5,1,,
1,13,21,07-08-2021,3,3,3,4,2,4,4,2,2,,
1,12,21,07-08-2021,3,3,3,3,3,5,3,2,1,,
1,28,21,07-08-2021,4,5,2,2,3,4,4,2,4,,
1,5,21,07-09-2021,4,4,4,4,4,4,4,4,1,,
1,17,22,07-12-2021,5,5,5,5,5,5,5,5,3,,
1,1,22,07-12-2021,5,3,5,3,5,5,5,0,3,,
1,4,22,07-12-2021,5,3,4,3,4,4,4,0,1,,
1,2,22,07-12-2021,3,4,4,4,4,3,4,3,2,,
1,6,22,07-12-2021,3,3,3,3,3,3,3,3,4,,
1,11,22,07-12-2021,5,5,5,5,5,5,5,5,5,,
1,28,22,07-12-2021,3,5,3,3,4,4,4,4,5,,
1,26,22,07-12-2021,5,3,5,3,5,5,5,5,3,,
1,8,22,07-12-2021,4,4,4,4,4,4,4,4,4,,
1,7,22,07-13-2021,5,3,3,5,5,5,5,0,5,,
1,5,22,07-13-2021,4,4,4,4,4,4,4,4,2,,
1,25,22,07-13-2021,5,3,5,4,3,5,5,4,2,,
1,27,22,07-13-2021,4,4,4,4,4,4,4,4,3,,
1,10,22,07-13-2021,5,4,5,5,5,5,5,5,1,,
1,3,22,07-13-2021,4,4,4,4,4,4,4,3,2,random,random
1,13,22,07-13-2021,2,2,3,4,3,4,4,2,1,random,random
1,23,22,07-13-2021,5,5,5,5,5,5,5,5,2,,
1,16,22,07-13-2021,5,4,5,5,5,5,5,5,2,,
1,19,22,07-13-2021,4,3,4,5,4,4,5,0,3,,
1,12,22,07-13-2021,3,3,4,4,5,5,4,3,2,,
1,18,22,07-13-2021,5,3,5,4,5,4,5,0,2,,
1,20,22,07-13-2021,3,3,3,3,3,3,3,3,2,,
1,9,22,07-18-2021,5,5,5,5,5,5,5,5,3,,
1,20,23,07-18-2021,3,3,3,3,3,3,3,3,2,,
1,28,23,07-18-2021,4,5,3,2,3,3,4,3,4,,
1,16,23,07-19-2021,5,4,5,5,5,5,5,5,2,,
1,4,23,07-19-2021,4,4,4,4,4,4,4,0,1,,
1,3,23,07-19-2021,4,4,4,4,4,4,4,4,3,,
1,8,23,07-19-2021,4,4,4,4,4,4,4,4,4,,
1,11,23,07-20-2021,5,4,5,3,5,5,5,5,5,,
1,5,23,07-20-2021,4,4,4,4,4,4,4,4,3,,
1,6,23,07-20-2021,3,3,3,3,3,3,3,3,4,,
1,25,23,07-20-2021,4,3,5,4,4,5,5,5,2,,
1,7,23,07-20-2021,4,3,3,3,4,4,5,0,3,,
1,27,23,07-20-2021,4,4,4,4,4,4,4,3,2,,
1,23,23,07-20-2021,5,5,5,5,5,5,5,5,1,,
1,2,23,07-20-2021,4,4,3,3,4,3,3,3,2,,
1,10,23,07-20-2021,5,4,5,5,5,5,5,5,1,,
1,18,23,07-20-2021,4,3,5,4,5,5,5,0,3,,
1,13,23,07-20-2021,3,3,3,3,3,3,3,2,1,,
1,1,23,07-20-2021,5,3,5,4,5,5,5,0,3,,
1,19,23,07-20-2021,3,3,3,3,3,3,3,2,2,,
1,17,23,07-20-2021,5,5,5,5,5,5,5,5,3,,
1,12,23,07-20-2021,4,4,4,4,4,4,4,2,4,,
1,26,23,07-22-2021,5,3,5,5,5,5,5,5,2,,
1,9,23,07-24-2021,5,5,5,5,5,5,5,5,3,,
1,26,24,07-25-2021,5,3,5,3,5,5,5,5,3,,
1,28,24,07-25-2021,3,5,4,1,3,4,3,3,5,,
1,9,24,07-26-2021,5,5,5,5,5,5,5,5,2,,
1,8,24,07-26-2021,4,4,4,4,4,4,4,4,4,,
1,16,24,07-26-2021,5,4,5,5,5,5,5,5,2,,
1,19,24,07-26-2021,4,3,4,4,4,5,5,0,2,,
1,5,24,07-26-2021,4,4,4,4,4,4,4,4,4,,
1,11,24,07-26-2021,5,4,5,5,5,5,5,5,5,,
1,2,24,07-26-2021,4,4,4,4,4,4,3,0,2,,
1,4,24,07-26-2021,5,4,5,4,5,5,5,0,1,,
1,3,24,07-26-2021,4,4,4,4,4,4,4,3,2,,
1,1,24,07-27-2021,5,3,5,2,5,5,5,0,5,,
1,25,24,07-27-2021,5,3,5,3,4,4,5,4,2,,
1,27,24,07-27-2021,4,4,4,4,4,4,4,3,2,,
1,10,24,07-27-2021,5,4,5,5,5,5,5,5,1,,
1,13,24,07-27-2021,4,3,3,3,3,4,5,2,2,,
1,18,24,07-27-2021,5,3,5,4,5,4,5,0,3,,
1,12,24,07-27-2021,4,4,4,4,4,4,4,3,3,,
1,23,24,07-27-2021,5,5,5,5,5,5,5,5,2,,
1,20,24,07-27-2021,3,3,3,3,3,3,3,3,2,,
1,17,24,07-27-2021,5,5,5,5,5,5,5,5,3,,
1,7,24,07-27-2021,4,3,4,4,4,4,5,5,4,,
1,6,24,07-27-2021,3,3,3,3,3,3,3,3,4,,
1,5,25,08-01-2021,4,4,4,4,4,4,4,4,4,,
1,28,25,08-01-2021,4,4,4,3,3,3,4,4,5,,
1,19,25,08-02-2021,5,3,5,5,5,5,5,5,5,,
1,4,25,08-02-2021,5,3,5,5,5,5,5,0,2,,
1,11,25,08-02-2021,5,4,5,5,5,5,5,5,5,,
1,25,25,08-02-2021,5,3,5,4,4,5,5,4,3,,
1,13,25,08-02-2021,4,3,5,4,4,4,4,3,4,,
1,1,25,08-02-2021,5,3,5,5,5,5,5,5,5,,
1,8,25,08-02-2021,4,4,4,4,4,4,4,4,4,,
1,7,25,08-02-2021,5,3,2,5,5,5,5,0,5,,
1,18,25,08-02-2021,5,3,5,5,5,5,5,0,5,,
1,17,25,08-02-2021,5,5,5,5,5,5,5,5,3,,
1,9,25,08-02-2021,5,3,5,5,5,5,5,5,2,,
1,16,25,08-03-2021,5,4,5,5,5,5,5,5,2,,
1,26,25,08-03-2021,5,3,5,5,5,5,5,5,4,,
1,20,25,08-03-2021,3,3,3,3,3,3,3,3,2,,
1,10,25,08-03-2021,5,4,5,5,5,5,5,5,2,,
1,23,25,08-03-2021,5,5,5,5,5,5,5,5,2,,
1,3,25,08-03-2021,5,5,5,5,5,5,5,5,3,,
1,12,25,08-03-2021,5,5,5,5,5,5,5,4,1,,
1,6,25,08-03-2021,4,4,4,4,2,2,3,4,5,,
1,2,25,08-03-2021,4,4,4,4,4,4,4,4,2,,
1,53,1,03-06-2022,5,5,5,5,5,5,5,5,1,,
1,54,1,03-06-2022,5,3,5,4,4,4,5,0,2,,
1,55,1,03-06-2022,4,4,5,4,5,4,4,0,1,,
1,56,1,03-07-2022,3,4,2,1,3,3,4,0,1,,
1,57,1,03-07-2022,4,3,4,4,4,3,4,4,2,,
1,58,1,03-07-2022,5,5,5,5,5,5,5,5,2,,
1,59,1,03-07-2022,4,3,4,3,4,4,4,4,2,,
1,60,1,03-07-2022,5,3,5,5,5,5,5,0,3,,
1,61,1,03-07-2022,5,3,4,4,4,4,4,4,1,,
1,62,1,03-07-2022,5,3,5,4,5,5,5,4,1,,
1,63,1,03-07-2022,5,3,4,4,5,4,5,0,1,,
1,64,1,03-07-2022,5,4,5,5,5,5,5,0,2,,
1,65,1,03-07-2022,5,5,5,5,5,5,5,5,3,,
1,66,1,03-07-2022,5,4,5,5,5,5,4,0,2,,
1,67,1,03-08-2022,5,5,5,5,5,5,5,5,3,,
1,68,1,03-08-2022,5,2,5,5,5,5,4,0,2,,
1,69,1,03-08-2022,5,4,5,4,5,5,5,0,2,,
1,70,1,03-08-2022,4,3,5,5,5,5,5,5,1,,
1,71,1,03-08-2022,4,4,4,4,5,5,5,4,2,,
1,72,1,03-08-2022,4,3,5,4,5,4,4,0,2,,
1,73,1,03-08-2022,5,3,5,5,5,5,5,5,1,,
1,74,1,03-08-2022,5,3,4,4,5,4,4,4,1,,
1,75,1,03-08-2022,5,3,5,5,5,4,4,0,2,,
1,76,1,03-08-2022,5,5,5,5,5,5,5,5,2,,
1,77,1,03-08-2022,4,3,5,5,4,4,4,0,1,,
1,78,1,03-08-2022,5,5,5,5,5,5,5,5,1,,
1,79,1,03-08-2022,4,4,3,3,4,4,4,3,1,,
1,80,1,03-08-2022,4,4,4,4,4,4,4,4,3,,
1,81,1,03-08-2022,5,3,5,5,5,5,5,0,1,,
1,82,1,03-08-2022,5,5,5,5,5,5,5,4,1,,
1,83,1,03-08-2022,5,4,5,5,5,5,5,0,2,,
1,84,1,03-08-2022,5,5,5,5,5,5,5,5,4,,
1,85,1,03-08-2022,5,4,5,5,4,5,4,0,1,,
1,86,1,03-09-2022,5,3,5,5,5,5,5,5,5,,
1,63,2,03-13-2022,4,4,4,4,4,4,4,0,2,,
1,73,2,03-13-2022,4,2,5,4,5,4,5,0,2,,
1,72,2,03-13-2022,4,3,4,4,4,5,5,0,2,,
1,66,2,03-13-2022,5,4,5,3,5,5,5,0,3,,
1,69,2,03-13-2022,5,4,5,4,5,5,5,0,2,,
1,81,2,03-13-2022,5,5,5,2,5,3,5,0,2,,
1,85,2,03-13-2022,5,4,5,3,4,4,4,0,2,,
1,79,2,03-13-2022,4,3,4,3,4,4,3,3,1,,
1,55,2,03-14-2022,4,4,5,3,4,5,5,4,1,,
1,67,2,03-14-2022,5,5,5,5,5,5,5,5,5,,
1,75,2,03-14-2022,5,4,4,5,4,4,5,0,2,,
1,60,2,03-14-2022,5,3,5,5,5,5,5,5,5,,
1,62,2,03-14-2022,4,4,4,4,4,4,4,5,2,,
1,86,2,03-14-2022,5,3,5,5,5,5,5,5,4,,
1,61,2,03-14-2022,4,4,5,3,3,3,4,3,2,,
1,74,2,03-14-2022,4,3,4,3,4,4,4,4,2,,
1,58,2,03-14-2022,5,3,5,5,5,3,5,0,4,,
1,54,2,03-14-2022,5,3,4,3,5,5,5,0,4,,
1,57,2,03-14-2022,5,3,4,5,5,5,5,4,4,,
1,78,2,03-14-2022,4,2,5,5,3,3,5,0,2,,
1,65,2,03-14-2022,5,5,5,5,5,5,5,5,5,,
1,71,2,03-14-2022,4,4,4,1,4,3,4,0,3,,
1,80,2,03-14-2022,3,5,4,2,4,4,4,3,4,,
1,53,2,03-14-2022,5,5,5,5,5,5,5,5,1,,
1,56,2,03-15-2022,3,4,4,3,3,4,4,3,2,,
1,59,2,03-15-2022,3,3,3,3,3,3,3,2,3,,
1,84,2,03-15-2022,5,5,5,5,5,5,5,5,4,,
1,77,2,03-15-2022,5,4,5,5,4,5,5,5,2,,
1,76,2,03-15-2022,5,5,5,5,5,5,5,5,2,,
1,64,2,03-15-2022,5,4,5,5,5,5,5,0,2,,
1,70,2,03-15-2022,4,4,4,3,3,4,4,3,1,,
1,83,2,03-15-2022,4,4,5,4,3,3,5,0,3,,
1,82,2,03-15-2022,5,3,5,4,4,4,5,4,2,,
1,68,2,03-15-2022,5,5,5,5,5,5,5,5,3,,
1,78,3,03-20-2022,4,2,5,5,4,3,5,5,2,,
1,70,3,03-20-2022,4,3,4,2,4,4,4,4,1,,
1,63,3,03-20-2022,4,4,4,4,4,3,4,0,1,,
1,67,3,03-20-2022,5,5,5,5,5,5,5,5,5,,
1,55,3,03-21-2022,4,4,5,4,5,5,5,5,1,,
1,61,3,03-21-2022,3,4,4,4,3,3,3,4,3,,
1,69,3,03-21-2022,5,4,5,4,5,5,5,4,3,,
1,79,3,03-21-2022,4,4,5,4,5,4,5,4,1,,
1,60,3,03-21-2022,5,3,5,5,5,5,5,4,5,,
1,64,3,03-21-2022,5,4,5,4,5,5,5,5,3,,
1,62,3,03-21-2022,4,4,4,3,5,4,5,5,2,,
1,57,3,03-21-2022,4,3,5,4,4,5,5,5,3,,
1,58,3,03-21-2022,4,4,5,3,5,4,5,5,5,,
1,72,3,03-21-2022,3,2,5,4,5,4,5,4,3,,
1,59,3,03-21-2022,4,2,4,4,4,4,4,3,3,,
1,54,3,03-21-2022,5,4,5,3,5,5,5,5,4,,
1,76,3,03-21-2022,5,5,5,5,5,5,5,5,2,,
1,71,3,03-21-2022,3,5,4,1,4,3,4,4,4,,
1,81,3,03-21-2022,3,5,5,2,3,3,5,3,4,,
1,85,3,03-21-2022,5,4,4,5,5,5,5,5,3,,
1,75,3,03-21-2022,5,4,5,3,4,4,4,5,3,,
1,53,3,03-21-2022,5,5,5,5,5,5,5,5,1,,
1,73,3,03-22-2022,4,4,5,4,4,4,5,0,2,,
1,66,3,03-22-2022,5,4,5,3,5,5,5,5,4,,
1,83,3,03-22-2022,4,5,4,3,3,3,5,3,4,,
1,84,3,03-22-2022,5,5,5,5,5,5,5,5,4,,
1,82,3,03-22-2022,5,3,5,3,5,5,5,4,2,,
1,74,3,03-22-2022,4,3,4,4,4,4,4,3,2,,
1,56,3,03-22-2022,3,5,4,2,2,2,4,2,1,,
1,86,3,03-22-2022,5,5,5,5,5,2,5,3,3,,
1,65,3,03-22-2022,5,3,5,5,5,5,5,5,5,,
1,80,3,03-22-2022,4,4,4,4,3,3,5,4,4,,
1,68,3,03-22-2022,5,5,5,5,5,5,5,5,1,,
1,77,3,03-22-2022,5,3,5,5,4,4,5,5,2,,
1,68,4,03-27-2022,5,5,5,5,5,5,5,5,2,,
1,61,4,03-27-2022,4,4,4,4,3,4,4,3,3,,
1,54,4,03-27-2022,5,3,5,3,4,4,5,4,4,,
1,53,4,03-27-2022,3,5,5,2,5,4,4,5,1,,
1,75,4,03-27-2022,4,4,5,3,3,4,5,5,3,,
1,71,4,03-27-2022,3,5,4,1,4,3,4,4,5,,
1,57,4,03-28-2022,2,5,3,2,4,3,5,5,4,,
1,55,4,03-28-2022,4,4,5,3,5,5,5,5,2,,
1,73,4,03-28-2022,4,3,5,3,4,4,4,0,2,,
1,69,4,03-28-2022,5,4,5,4,5,5,5,5,3,,
1,70,4,03-28-2022,4,3,4,3,4,4,4,4,1,,
1,58,4,03-28-2022,4,4,5,3,5,4,5,5,4,,
1,65,4,03-28-2022,5,4,5,3,4,5,5,5,5,,
1,72,4,03-28-2022,4,4,4,3,4,4,5,4,3,,
1,81,4,03-28-2022,5,3,5,2,4,4,5,4,3,,
1,66,4,03-28-2022,5,4,5,3,5,5,5,5,4,,
1,84,4,03-28-2022,5,5,5,5,5,5,5,5,4,,
1,63,4,03-28-2022,4,4,4,4,4,3,4,4,2,,
1,86,4,03-29-2022,5,5,5,5,4,4,4,4,4,,
1,60,4,03-29-2022,5,5,5,4,5,5,5,5,5,,
1,76,4,03-29-2022,3,3,3,3,3,3,3,3,3,,
1,78,4,03-29-2022,4,3,5,5,3,3,5,5,1,,
1,77,4,03-29-2022,5,5,5,5,5,5,5,5,2,,
1,67,4,03-29-2022,5,5,5,5,5,5,5,5,5,,
1,74,4,03-29-2022,4,4,4,4,4,4,4,3,2,,
1,62,4,03-29-2022,4,4,5,5,5,5,5,4,2,Random,Random
1,56,4,03-29-2022,4,4,5,3,3,3,3,4,2,Random,
1,64,4,03-29-2022,5,5,5,4,5,5,4,5,2,,
1,79,4,03-29-2022,4,4,4,4,4,4,4,4,1,,
1,85,4,03-29-2022,5,5,3,2,5,5,5,0,2,,
1,82,4,03-29-2022,5,5,5,5,5,5,5,5,1,,
1,83,4,03-29-2022,4,5,5,4,3,3,4,4,4,,
1,80,4,03-29-2022,4,3,4,4,4,4,4,4,4,,
1,59,4,03-29-2022,4,4,4,4,4,4,4,4,3,,
1,55,5,04-03-2022,4,5,4,3,4,5,5,4,2,,
1,77,5,04-03-2022,5,5,5,5,5,5,5,5,2,,
1,85,5,04-03-2022,5,5,4,4,5,5,5,0,2,,
1,57,5,04-03-2022,4,3,5,4,4,4,5,4,4,,
1,54,5,04-04-2022,5,3,5,4,4,5,5,4,4,,
1,61,5,04-04-2022,4,3,4,5,4,4,4,3,3,,
1,84,5,04-04-2022,5,5,5,5,5,5,5,5,4,,
1,53,5,04-04-2022,4,3,4,3,5,5,5,2,2,,
1,75,5,04-04-2022,4,3,3,3,3,3,4,1,3,,
1,58,5,04-04-2022,5,4,5,4,5,5,5,5,3,,
1,79,5,04-04-2022,4,4,4,4,4,4,4,3,2,,
1,73,5,04-04-2022,4,3,5,4,4,4,4,0,2,,
1,66,5,04-04-2022,5,4,5,3,5,5,5,5,4,,
1,76,5,04-04-2022,3,3,3,3,3,3,3,2,3,,
1,69,5,04-04-2022,4,4,5,4,5,5,5,4,3,,
1,60,5,04-04-2022,5,3,5,5,5,5,5,5,5,,
1,81,5,04-04-2022,5,3,5,3,5,5,5,4,4,,
1,72,5,04-04-2022,4,2,4,4,4,5,5,3,3,,
1,62,5,04-04-2022,4,4,5,4,4,4,5,4,2,,
1,70,5,04-05-2022,4,4,4,3,4,4,4,3,1,,
1,71,5,04-05-2022,4,5,4,3,4,4,4,4,5,,
1,78,5,04-05-2022,4,3,5,5,3,3,5,4,2,,
1,80,5,04-05-2022,3,4,4,2,4,3,4,4,5,,
1,86,5,04-05-2022,4,5,4,5,4,4,4,5,4,,
1,82,5,04-05-2022,5,5,5,3,5,4,5,4,2,,
1,64,5,04-05-2022,5,4,5,4,5,4,5,5,3,,
1,63,5,04-05-2022,4,4,3,3,3,3,4,3,2,,
1,74,5,04-05-2022,4,3,4,4,4,4,4,4,2,,
1,56,5,04-05-2022,3,3,3,3,3,3,3,3,1,,
1,65,5,04-05-2022,5,5,5,4,4,4,5,5,5,,
1,67,5,04-05-2022,5,5,5,5,5,5,5,5,5,,
1,83,5,04-05-2022,4,5,4,2,3,3,4,0,2,,
1,59,5,04-05-2022,4,4,4,4,4,4,4,4,4,,
1,68,5,04-06-2022,5,5,5,5,5,5,5,5,1,,
1,84,6,04-10-2022,5,5,5,5,5,5,5,5,4,,
1,81,6,04-10-2022,5,3,5,3,5,5,5,4,3,,
1,75,6,04-10-2022,5,4,4,5,4,4,5,3,3,,
1,63,6,04-10-2022,4,4,4,4,4,4,4,4,2,,
1,79,6,04-11-2022,4,4,4,4,4,4,4,4,2,,
1,61,6,04-11-2022,5,3,4,4,4,4,4,4,3,,
1,55,6,04-11-2022,5,4,5,4,5,5,5,4,3,,
1,58,6,04-11-2022,5,4,3,4,5,5,5,4,3,,
1,57,6,04-11-2022,4,4,4,4,5,4,5,3,4,,
1,72,6,04-11-2022,4,3,4,4,4,5,5,4,3,,
1,76,6,04-11-2022,3,3,3,3,3,3,3,3,3,,
1,53,6,04-11-2022,4,3,4,3,5,5,5,5,1,,
1,62,6,04-11-2022,4,5,4,3,5,5,5,4,1,,
1,66,6,04-11-2022,5,5,5,3,5,5,5,5,4,,
1,54,6,04-11-2022,5,3,4,4,4,4,5,3,4,,
1,64,6,04-11-2022,5,5,5,4,5,5,4,5,3,,
1,85,6,04-12-2022,5,5,5,5,5,5,5,0,4,,
1,59,6,04-12-2022,4,4,4,4,4,4,4,4,4,,
1,82,6,04-12-2022,5,4,5,4,4,4,4,4,1,,
1,86,6,04-12-2022,5,3,5,4,3,3,4,4,4,,
1,68,6,04-12-2022,5,5,5,5,5,5,5,5,1,,
1,60,6,04-12-2022,5,3,5,5,5,5,5,5,5,,
1,78,6,04-12-2022,4,3,5,5,3,3,5,4,2,,
1,69,6,04-12-2022,5,4,5,4,5,5,5,4,3,,
1,74,6,04-12-2022,4,4,4,4,4,4,4,4,3,,
1,77,6,04-12-2022,5,4,5,4,4,4,4,4,2,,
1,83,6,04-12-2022,5,4,4,3,3,4,5,0,3,,
1,71,6,04-12-2022,4,5,4,3,4,4,4,4,5,,
1,65,6,04-12-2022,5,5,5,5,5,5,5,5,5,,
1,80,6,04-12-2022,4,4,4,4,4,4,4,3,5,,
1,70,6,04-12-2022,4,4,4,4,4,4,4,3,1,,
1,56,6,04-12-2022,4,4,5,4,3,3,3,3,2,,
1,67,6,04-12-2022,5,5,5,5,5,5,5,5,5,,
1,81,7,04-17-2022,5,3,5,3,5,5,5,0,2,,
1,53,7,04-18-2022,4,3,4,4,4,4,4,3,3,,
1,59,7,04-18-2022,5,4,4,4,4,4,4,4,4,,
1,54,7,04-18-2022,5,3,4,4,5,4,5,3,3,,
1,76,7,04-18-2022,3,3,3,3,3,3,3,3,2,,
1,60,7,04-18-2022,5,3,5,5,5,5,5,5,5,,
1,57,7,04-18-2022,3,5,3,2,4,4,5,2,2,,
1,58,7,04-18-2022,4,3,5,5,5,5,5,5,3,,
1,86,7,04-18-2022,5,5,5,5,5,5,5,5,5,,
1,55,7,04-18-2022,5,4,5,4,5,5,5,5,2,,
1,66,7,04-18-2022,5,5,5,4,5,5,5,5,4,,
1,71,7,04-18-2022,3,5,4,1,4,3,4,4,5,,
1,64,7,04-18-2022,5,4,5,5,5,5,5,5,3,,
1,87,1,03-07-2022,5,4,5,3,5,5,5,4,2,,
1,87,2,03-15-2022,5,5,5,5,5,5,5,5,5,,
1,87,3,03-20-2022,5,5,5,5,5,5,5,5,5,,
1,87,4,03-29-2022,5,5,5,5,5,5,5,5,5,,
1,87,5,04-03-2022,5,5,5,5,5,5,5,5,5,,
1,87,6,04-10-2022,5,5,5,4,5,5,5,5,5,,
1,88,1,03-07-2022,5,5,5,5,5,5,5,5,3,,
1,88,2,03-14-2022,5,5,5,4,5,5,5,4,5,,
1,88,3,03-21-2022,5,5,5,4,5,5,5,5,5,,
1,88,4,03-28-2022,5,5,5,4,5,5,5,5,5,,
1,88,5,04-04-2022,5,5,5,5,5,5,5,5,5,,
1,88,6,04-11-2022,5,5,5,5,5,5,5,4,5,,
1,89,1,03-09-2022,5,4,5,5,5,5,5,5,3,,
1,89,2,03-14-2022,5,5,5,5,5,5,5,5,4,,
1,89,3,03-21-2022,5,5,5,5,5,5,5,5,3,,
1,89,4,03-28-2022,5,5,5,4,5,5,5,4,4,Random,Random
1,89,5,04-05-2022,5,5,5,5,5,5,5,4,4,Random,
1,89,6,04-12-2022,5,5,5,5,5,5,5,5,4,,
1,90,1,03-08-2022,5,5,5,5,5,5,5,5,3,,
1,90,2,03-15-2022,5,5,5,5,5,5,5,5,3,,
1,90,3,03-20-2022,5,4,5,5,5,5,5,5,3,,
1,90,4,03-27-2022,5,4,5,5,5,5,5,5,4,,
1,90,5,04-04-2022,5,5,5,5,5,5,5,5,3,,
1,90,6,04-12-2022,5,5,5,5,5,5,5,5,5,,